Category,Description,UOM,Customer Price,SKU,UPC,Manufacturer Part Number,Source Date,_Review
Misc,11.2 50LB UL AIR HANDLING B,m,135.3800,386282,84047602154,ADT AL115035C,2026-08-25,UOM=m but description doesn't match wire keywords
Misc,14.5 50LB UL AIR HANDLING B,m,148.5640,925757,84047602289,ADT AL145035C,2026-08-25,UOM=m but description doesn't match wire keywords
Misc,4IN 18LB NATURAL 100,m,25.0840,296769,84047600033,ADT AL04189C,2026-08-25,UOM=m but description doesn't match wire keywords
Misc,5IN 40LB NATURAL 100,m,58.5090,296774,84047600243,ADT AL05409C,2026-08-25,UOM=m but description doesn't match wire keywords
Misc,7IN 50LB UV BLACK 100,m,54.2340,296776,84047604695,ADT AL07500C,2026-08-25,UOM=m but description doesn't match wire keywords
Misc,7IN 50 LB NATURAL 100,m,52.9200,296779,84047602055,ADT AL07509C,2026-08-25,UOM=m but description doesn't match wire keywords
Misc,(WAS AL0750MH0C) 8.0IN 50LB,m,111.4330,296781,84047601458,ADT AL-08-50-MH,2026-08-25,UOM=m but description doesn't match wire keywords
Misc,(WAS AL0750MH9C) 7IN 50LB M,m,108.1930,296784,84047602163,ADT AL-08-50-MH,2026-08-25,UOM=m but description doesn't match wire keywords
Misc,11IN 50LB UV BLACK 100,m,66.2540,296790,84047601650,ADT AL11500C,2026-08-25,UOM=m but description doesn't match wire keywords
Misc,11IN 50 LB NATURAL 100,m,74.0280,296793,84047602142,ADT AL11509C,2026-08-25,UOM=m but description doesn't match wire keywords
Misc,(WAS AL1150MH9C) 11IN 50LB,m,147.0670,296796,84047600684,ADT AL-12-50-MH,2026-08-25,UOM=m but description doesn't match wire keywords
Misc,15.0IN.120LB UV BLK.CBL.TIE,m,213.6910,296798,84047603003,ADT AL141200C,2026-08-25,UOM=m but description doesn't match wire keywords
Misc,15.0IN.120LB NATURAL CBL.TI,m,207.4700,296800,84047606213,ADT AL141209C,2026-08-25,UOM=m but description doesn't match wire keywords
Misc,14IN 50LB UV BLACK 100,m,90.8580,296803,84047603345,ADT AL14500C,2026-08-25,UOM=m but description doesn't match wire keywords
Misc,14IN 50LB NATURAL 100,m,93.7220,296804,84047602277,ADT AL14509C,2026-08-25,UOM=m but description doesn't match wire keywords
Misc,24IN 175 LB UV BLACK 50,m,585.7670,296809,84047601158,ADT AL241750L,2026-08-25,UOM=m but description doesn't match wire keywords
Misc,24IN 175 LB NATURAL 50,m,517.5640,296812,84047601047,ADT AL241759L,2026-08-25,UOM=m but description doesn't match wire keywords
Misc,36IN 175LB NATURAL 50,m,613.1390,296819,84047601062,ADT AL361759L,2026-08-25,UOM=m but description doesn't match wire keywords
Misc,1IN NAT RUB BASE MTNG PAD,m,174.4500,296831,84047602916,ADT ALMP10009C,2026-08-25,UOM=m but description doesn't match wire keywords
Conductor,AFC 3104-42-00 MC-QUIK LITE,m,793.6510,503954,7768025732,WIC. MCAQ 12/2,2026-08-25,UOM=m but description doesn't match wire keywords
Conductor,AFC 3105-42-00 MC-QUIK LITE,m,1401.3570,503961,7768025757,WIC. MCAQ 12/3,2026-08-25,UOM=m but description doesn't match wire keywords
Conductor,AFC 5807-60-00 ALU ARM BLK,m,2200.5710,796775,7768025914,WIC. MCSTATA 10,2026-08-25,UOM=m but description doesn't match wire keywords
Conductor,AFC 2804G60-05 HEALTH CARE,m,1305.0000,507864,7768016230,WIC. HCFHVA 12/,2026-08-25,UOM=m but description doesn't match wire keywords
Conductor,1000R AFC 3905-60-01 480Y/2,m,2052.1670,524443,7768025948,WIC. MCPLUSHV 1,2026-08-25,UOM=m but description doesn't match wire keywords
Conductor,1000R AFC 3908-60-01 480Y/2,m,3694.6930,524444,7768025978,WIC. MCPLUSHV 1,2026-08-25,UOM=m but description doesn't match wire keywords
Conductor,AFC 5804-60-00 ALU ARM BLK,m,1691.7170,526453,7768025889,WIC. MCSTATA 12,2026-08-25,UOM=m but description doesn't match wire keywords
Conductor,AFC 5804-60-01 ALU ARM BRN,m,1691.7170,537617,7768025890,WIC. MCSTATA 12,2026-08-25,UOM=m but description doesn't match wire keywords
Conductor,AFC 3906-42-00,m,2458.5120,594834,7768025951,WIC. MCPLUS 12/,2026-08-25,UOM=m but description doesn't match wire keywords
Conductor,AFC 3104Z60-01 HV MC-QUIK L,m,808.7690,867876,7768025741,WIC. MCHVAQ 12/,2026-08-25,UOM=m but description doesn't match wire keywords
Conductor,1000R AFC PL10R60-06 FA STL,m,876.0820,1315437,7768033393,WIC. MCFAPLS 16,2026-08-25,UOM=m but description doesn't match wire keywords
Conductor,1000R AFC PL34R60-06 FA STL,m,938.1200,1338996,7768033395,WIC. MCFAPLS 14,2026-08-25,UOM=m but description doesn't match wire keywords
Conductor,AFC PL50R60-06 FA STL ARM B,m,961.3130,1372080,7768033396,WIC. MCFAPLS 18,2026-08-25,UOM=m but description doesn't match wire keywords
Conductor,AFC PL28R60-06 FA STL ARM B,m,1474.4380,1372823,7768033398,WIC. MCFAPLS 14,2026-08-25,UOM=m but description doesn't match wire keywords
Conductor,AFC 3906-60-00,m,2458.5120,655556,7768025957,WIC. MCPLUS 12/,2026-08-25,UOM=m but description doesn't match wire keywords
Conductor,UNSHLD 1000R AFC 11GGR60-00,m,1670.8430,670186,7768023263,WIC. MCFAS 14/2,2026-08-25,UOM=m but description doesn't match wire keywords
Conductor,1000R AFC 3907-60-00 MC-PLU,m,3345.0800,399155,7768025967,WIC. MCPLUS 10/,2026-08-25,UOM=m but description doesn't match wire keywords
Conductor,1000R AFC PL01R60-06 FA STL,m,791.4310,1395202,7768033391,WIC. MCFAPLS 18,2026-08-25,UOM=m but description doesn't match wire keywords
Conductor,AFC PL60R60-06 FA STL ARM B,m,1269.7670,1395212,7768033397,WIC. MCFAPLS 16,2026-08-25,UOM=m but description doesn't match wire keywords
Conductor,1000R AFC PL91R60-06 FA STL,m,1847.8290,1395214,7768033400,WIC. MCFAPLS 16,2026-08-25,UOM=m but description doesn't match wire keywords
Conductor,250C AFC PL10R42-06 FA STL,m,876.0820,1395219,7768033378,WIC. MCFAPLS 16,2026-08-25,UOM=m but description doesn't match wire keywords
Conductor,AFC PL60R42-06 FA STL ARM B,m,1269.7670,1395223,7768033382,WIC. MCFAPLS 16,2026-08-25,UOM=m but description doesn't match wire keywords
Conductor,250C AFC PL91R42-06 FA STL,m,1847.8290,1395224,7768033385,WIC. MCFAPLS 16,2026-08-25,UOM=m but description doesn't match wire keywords
Conductor,AFC 2107-60-00 ALU ARM BLK,m,1826.0480,435630,7768011432,WIC. MCA 10/2 S,2026-08-25,UOM=m but description doesn't match wire keywords
Conductor,BLU/WHT 1000R AFC 1881R60-0,m,1974.6980,726345,7768015588,WIC. MCFAS 14/4,2026-08-25,UOM=m but description doesn't match wire keywords
Conductor,AFC 4901-R60-00 16-2(1TSP),m,2057.0000,448522,7768018526,WIC. MCFAS 16/2,2026-08-25,UOM=m but description doesn't match wire keywords
Conductor,1000R AFC 3904-60-00 MC-PLU,m,1847.6760,462446,7768025937,WIC. MCPLUS 12/,2026-08-25,UOM=m but description doesn't match wire keywords
Conductor,1000R AFC 3905-60-00 MC-PLU,m,2052.1670,469824,7768025947,WIC. MCPLUS 12/,2026-08-25,UOM=m but description doesn't match wire keywords
Conductor,AFC 18BF-42-500 LUMINARY AL,m,1531.2070,981059,7768030908,WIC. MCLUMA 12/,2026-08-25,UOM=m but description doesn't match wire keywords
Conductor,1TPJ 250C AFC 18BF-42-501 H,m,1531.2070,981060,7768030881,WIC. MCLUMHVA 1,2026-08-25,UOM=m but description doesn't match wire keywords
Conductor,1TPJ 250C AFC 18BF-42-502 H,m,1531.2070,981061,7768030884,WIC. MCLUMHVA 1,2026-08-25,UOM=m but description doesn't match wire keywords
Conductor,1TPJ 250C AFC 18BF-42-503 H,m,1531.2070,981062,7768030887,WIC. MCLUMHVA 1,2026-08-25,UOM=m but description doesn't match wire keywords
Conductor,1000R AFC 18BF-60-500 LUMIN,m,1531.2070,981065,7768030909,WIC. MCLUMA 12/,2026-08-25,UOM=m but description doesn't match wire keywords
Conductor,1TPJ 1000R AFC 18BF-60-501,m,1531.2070,981066,7768030882,WIC. MCLUMHVA 1,2026-08-25,UOM=m but description doesn't match wire keywords
Conductor,1TPJ 1000R AFC 18BF-60-502,m,1531.2070,981067,7768030885,WIC. MCLUMHVA 1,2026-08-25,UOM=m but description doesn't match wire keywords
Conductor,1TPJ 1000R AFC 18BF-60-503,m,1531.2070,981068,7768030888,WIC. MCLUMHVA 1,2026-08-25,UOM=m but description doesn't match wire keywords
Conductor,AFC 18BG-42-500 LUMINARY AL,m,1835.5540,981559,7768031067,WIC. MCLUMA 12/,2026-08-25,UOM=m but description doesn't match wire keywords
Conductor,AFC 3104Z60-00 MC-QUIK LITE,m,808.7690,478973,7768028406,WIC. MCAQ 12/2,2026-08-25,UOM=m but description doesn't match wire keywords
Conductor,AFC 3905-42-00,m,2052.1670,776404,7768025941,WIC. MCPLUS 12/,2026-08-25,UOM=m but description doesn't match wire keywords
Conductor,1000R AFC 18BG-60-500 LUMIN,m,1835.5540,989556,7768031068,WIC. MCLUMA 12/,2026-08-25,UOM=m but description doesn't match wire keywords
Conductor,AFC 3105-60-00 MC-QUIK LITE,m,1416.4760,486623,7768025767,WIC. MCAQ 12/3,2026-08-25,UOM=m but description doesn't match wire keywords
Conductor,AFC 3904-42-00 MC-PLUS,m,1847.6760,489371,7768025931,WIC. MCPLUS 12/,2026-08-25,UOM=m but description doesn't match wire keywords
Conductor,1000R AFC 3909-60-00,m,4103.0160,789831,7768025987,WIC. MCPLUS 10/,2026-08-25,UOM=m but description doesn't match wire keywords
Conductor,AFC 3907-42-00,m,3345.0800,789931,7768025961,WIC. MCPLUS 10/,2026-08-25,UOM=m but description doesn't match wire keywords
Conductor,AFC 1707B60T01 HV STL ARM B,m,1779.8280,207434,7768019580,WIC. MCHVST 10/,2026-08-25,UOM=m but description doesn't match wire keywords
Conductor,AFC 1707B42T01 HV STL ARM A,m,1765.3720,208947,7768019577,WIC. MCHVST 10/,2026-08-25,UOM=m but description doesn't match wire keywords
Conductor,AFC 1707B60T03 HV STL ARM A,m,1779.8280,209242,7768020041,WIC. MCHVST 10/,2026-08-25,UOM=m but description doesn't match wire keywords
Conductor,AFC 1707B60T00 STL ARM BLK,m,1779.8280,213126,7768019579,WIC. MCST 10/2,2026-08-25,UOM=m but description doesn't match wire keywords
Conductor,GRY 1000R AFC 1706B60T01 HV,m,1939.3600,206997,7768019572,WIC. MCHVST 12/,2026-08-25,UOM=m but description doesn't match wire keywords
Conductor,GRY 250C AFC 1706B42T01 HV,m,1924.9180,207004,7768019570,WIC. MCHVST 12/,2026-08-25,UOM=m but description doesn't match wire keywords
Conductor,AFC 1708B60T00 STL ARM BLK,m,2488.5000,206834,7768019589,WIC. MCST 10/3,2026-08-25,UOM=m but description doesn't match wire keywords
Conductor,250C AFC 1708B42T01 HV STL,m,2474.0580,207424,7768019587,WIC. MCHVST 10/,2026-08-25,UOM=m but description doesn't match wire keywords
Conductor,1000R AFC 1708B60T01 HV STL,m,2488.5000,208955,7768019590,WIC. MCHVST 10/,2026-08-25,UOM=m but description doesn't match wire keywords
Conductor,GRY 1000R AFC 1709B60T01 HV,m,3898.4790,207428,7768019597,WIC. MCHVST 10/,2026-08-25,UOM=m but description doesn't match wire keywords
Conductor,GRY 250C AFC 1709B42T01 HV,m,3884.0240,208961,7768020012,WIC. MCHVST 10/,2026-08-25,UOM=m but description doesn't match wire keywords
Conductor,AFC S004B42T00 STL BLK WHT,m,759.7030,1714486,7768035584,WIC. MCSG 12/2,2026-08-25,UOM=m but description doesn't match wire keywords
Conductor,AFC S004B60T00 STL BLK WHT,m,773.9010,1714488,7768035591,WIC. MCSG 12/2,2026-08-25,UOM=m but description doesn't match wire keywords
Conductor,AFC S005B42T00 STL BLK RED,m,1365.0870,1714489,7768035605,WIC. MCSG 12/3,2026-08-25,UOM=m but description doesn't match wire keywords
Conductor,AFC S005B60T00 STL BLK RED,m,1379.5280,1714490,7768035612,WIC. MCSG 12/3,2026-08-25,UOM=m but description doesn't match wire keywords
Conductor,AFC 5808-60-00 BLK RED WHT,m,4362.9970,1505887,7768025917,WIC. MCSTATA 10,2026-08-25,UOM=m but description doesn't match wire keywords
Conductor,1000R AFC 3906-60-714 STL A,m,2523.8350,1528797,7768027127,WIC. MCPLUSS 12,2026-08-25,UOM=m but description doesn't match wire keywords
Conductor,AFC 1707B60T02 HV STL ARM A,m,1779.8280,208802,7768019581,WIC. MCHVST 10/,2026-08-25,UOM=m but description doesn't match wire keywords
Conductor,AFC 2304-42-00 PARK DECK ST,m,1481.6060,823900,7768011520,WIC. MCPDS 12/2,2026-08-25,UOM=m but description doesn't match wire keywords
Conductor,250C AFC S004B42T01 HV STL,m,773.1090,1735214,7768035585,WIC. MCHVSG 12/,2026-08-25,UOM=m but description doesn't match wire keywords
Conductor,250C AFC S004B42T02 HV STL,m,773.1090,1735215,7768035586,WIC. MCHVSG 12/,2026-08-25,UOM=m but description doesn't match wire keywords
Conductor,250C AFC S004B42T03 HV STL,m,773.1090,1735216,7768035587,WIC. MCHVSG 12/,2026-08-25,UOM=m but description doesn't match wire keywords
Conductor,250C AFC S004B42T04 STL ARM,m,773.1090,1735217,7768035588,WIC. MCSG 12/2,2026-08-25,UOM=m but description doesn't match wire keywords
Conductor,250C AFC S004B42T05 STL ARM,m,773.1090,1735218,7768035589,WIC. MCSG 12/2,2026-08-25,UOM=m but description doesn't match wire keywords
Conductor,1000R AFC S004B60T01 HV STL,m,787.5580,1735220,7768035592,WIC. MCHVSG 12/,2026-08-25,UOM=m but description doesn't match wire keywords
Conductor,1000R AFC S004B60T02 HV STL,m,787.5580,1735221,7768035593,WIC. MCHVSG 12/,2026-08-25,UOM=m but description doesn't match wire keywords
Conductor,1000R AFC S004B60T03 HV STL,m,787.5580,1735222,7768035594,WIC. MCHVSG 12/,2026-08-25,UOM=m but description doesn't match wire keywords
Conductor,1000R AFC S004B60T04 STL AR,m,787.5580,1735223,7768035595,WIC. MCSG 12/2,2026-08-25,UOM=m but description doesn't match wire keywords
Conductor,1000R AFC S004B60T05 STL AR,m,787.5580,1735224,7768035596,WIC. MCSG 12/2,2026-08-25,UOM=m but description doesn't match wire keywords
Conductor,GRN 250C AFC S005B42T01 HV,m,1365.0870,1735226,7768035606,WIC. MCHVSG 12/,2026-08-25,UOM=m but description doesn't match wire keywords
Conductor,GRN 1000R AFC S005B60T01 HV,m,1379.5280,1735232,7768035613,WIC. MCHVSG 12/,2026-08-25,UOM=m but description doesn't match wire keywords
Conductor,AFC S058B60T00 STL ARM BLK,m,1015.4180,1735242,7768035631,WIC. MCSG 12/2,2026-08-25,UOM=m but description doesn't match wire keywords
Conductor,AFC 1707B60T04 STL ARM RED,m,1779.8280,210676,7768020044,WIC. MCST 10/2,2026-08-25,UOM=m but description doesn't match wire keywords
Conductor,AFC 1707B60T05 STL ARM BLU,m,1779.8280,210685,7768020047,WIC. MCST 10/2,2026-08-25,UOM=m but description doesn't match wire keywords
Conductor,250C AFC SL04B42-L00 LUMINA,m,1491.5750,1767838,7768036136,WIC. MCLUMTG 12,2026-08-25,UOM=m but description doesn't match wire keywords
Conductor,1TPJ 250C AFC SL04B42-L01 L,m,1491.5750,1767839,7768036242,WIC. MCLUMHVTG,2026-08-25,UOM=m but description doesn't match wire keywords
Conductor,16/2 1TPJ 250C AFC SL04B42-,m,1491.5750,1767841,7768036254,WIC. MCLUMHVTG,2026-08-25,UOM=m but description doesn't match wire keywords
Conductor,1000R AFC SL04B60-L00 LUMIN,m,1491.5750,1767846,7768036137,WIC. MCLUMTG 12,2026-08-25,UOM=m but description doesn't match wire keywords
Conductor,16/2 SOL 1TPJ 1000R AFC SL0,m,1491.5750,1767847,7768036243,WIC. MCLUMHVTG,2026-08-25,UOM=m but description doesn't match wire keywords
Conductor,16/2 1TPJ 1000R AFC SL04B60,m,1491.5750,1767848,7768036258,WIC. MCLUMHVTG,2026-08-25,UOM=m but description doesn't match wire keywords
Conductor,16/2 1TPJ 1000R AFC SL04B60,m,1491.5750,1767849,7768036259,WIC. MCLUMHVTG,2026-08-25,UOM=m but description doesn't match wire keywords
Conductor,1TPJ 1000R AFC SL04B60-L04,m,1491.5750,1767850,7768036260,WIC. MCLUMTG 12,2026-08-25,UOM=m but description doesn't match wire keywords
Conductor,1TPJ 1000R AFC SL04B60-L05,m,1491.5750,1767851,7768036261,WIC. MCLUMTG 12,2026-08-25,UOM=m but description doesn't match wire keywords
Conductor,1000R AFC AL04-60-L00 LUMIN,m,1491.5750,1767862,7768036133,WIC. MCLUMAG 12,2026-08-25,UOM=m but description doesn't match wire keywords
Conductor,16/2 1TPJ 1000R AFC AL04-60,m,1491.5750,1767863,7768036239,WIC. MCLUMHVAG,2026-08-25,UOM=m but description doesn't match wire keywords
Conductor,16/2 1TPJ 1000R AFC 18BG-60,m,1788.0460,1767873,7768036186,WIC. MCLUMHVA 1,2026-08-25,UOM=m but description doesn't match wire keywords
Conductor,AFC 18BMB42TL00 LUMINARY ST,m,1788.0460,1767896,7768036414,WIC. MCLUMT 12/,2026-08-25,UOM=m but description doesn't match wire keywords
Conductor,16/2 1TPJ 250C AFC 18BMB42T,m,1788.0460,1767897,7768036415,WIC. MCLUMHVT 1,2026-08-25,UOM=m but description doesn't match wire keywords
Conductor,1000R AFC 18BMB60TL00 LUMIN,m,1788.0460,1767900,7768036419,WIC. MCLUMT 12/,2026-08-25,UOM=m but description doesn't match wire keywords
Conductor,16/2 1TPJ 1000R AFC 18BMB60,m,1788.0460,1767901,7768036420,WIC. MCLUMHVT 1,2026-08-25,UOM=m but description doesn't match wire keywords
Conductor,GRN 16/2 1TPJ 1000R AFC LH0,m,2060.3970,1767972,7768036545,WIC. MCLUMHCFHV,2026-08-25,UOM=m but description doesn't match wire keywords
Conductor,1000R AFC LH05-60-L00 LUMIN,m,3075.4870,1767979,7768036557,WIC. MCLUMHCFA,2026-08-25,UOM=m but description doesn't match wire keywords
Conductor,GRY 16/2 1TPJ 1000R AFC LH0,m,3075.4870,1767980,7768036560,WIC. MCLUMHCFHV,2026-08-25,UOM=m but description doesn't match wire keywords
Conductor,AFC A004-42-00 ALU ARM BLK,m,759.7030,1619446,7768035152,WIC. MCAG 12/2,2026-08-25,UOM=m but description doesn't match wire keywords
Conductor,AFC A004-60-00 ALU ARM BLK,m,774.1750,1619447,7768035159,WIC. MCAG 12/2,2026-08-25,UOM=m but description doesn't match wire keywords
Conductor,AFC A004-42-01 HV ALU ARM B,m,793.6510,1619448,7768035153,WIC. MCHVAG 12/,2026-08-25,UOM=m but description doesn't match wire keywords
Conductor,AFC A004-60-01 HV ALU ARM B,m,808.7690,1619449,7768035160,WIC. MCHVAG 12/,2026-08-25,UOM=m but description doesn't match wire keywords
Conductor,AFC A004-42-02 HV ALU ARM O,m,793.6510,1619450,7768035154,WIC. MCHVAG 12/,2026-08-25,UOM=m but description doesn't match wire keywords
Conductor,AFC A004-60-02 HV ALU ARM O,m,808.7690,1619451,7768035161,WIC. MCHVAG 12/,2026-08-25,UOM=m but description doesn't match wire keywords
Conductor,AFC A004-60-03 HV ALU ARM Y,m,808.7690,1619453,7768035162,WIC. MCHVAG 12/,2026-08-25,UOM=m but description doesn't match wire keywords
Conductor,AFC A004-60-04 ALU ARM RED,m,808.7690,1619455,7768035163,WIC. MCAG 12/2,2026-08-25,UOM=m but description doesn't match wire keywords
Conductor,AFC A004-60-05 ALU ARM BLU,m,808.7690,1619457,7768035164,WIC. MCAG 12/2,2026-08-25,UOM=m but description doesn't match wire keywords
Conductor,AFC A005-42-00 ALU ARM BLK,m,1401.3570,1619460,7768035173,WIC. MCAG 12/3,2026-08-25,UOM=m but description doesn't match wire keywords
Conductor,AFC A005-60-00 ALU ARM BLK,m,1416.4760,1619461,7768035180,WIC. MCAG 12/3,2026-08-25,UOM=m but description doesn't match wire keywords
Conductor,1000R AFC A005-60-01 HV ALU,m,1416.4760,1619463,7768035181,WIC. MCHVAG 12/,2026-08-25,UOM=m but description doesn't match wire keywords
Conductor,250C AFC LH04-42-500 LUMINA,m,2060.3970,1139336,7768032311,WIC. MCLUMHCFA,2026-08-25,UOM=m but description doesn't match wire keywords
Conductor,1000R AFC LH04-60-500 LUMIN,m,2060.3970,1139337,7768032312,WIC. MCLUMHCFA,2026-08-25,UOM=m but description doesn't match wire keywords
Conductor,GRN 16/2 1TPJ 1000R AFC LH0,m,2060.3970,1139338,7768032315,WIC. MCLUMHCFHV,2026-08-25,UOM=m but description doesn't match wire keywords
Conductor,GRN 16/2 1TPJ 250C AFC LH04,m,2060.3970,1139342,7768032314,WIC. MCLUMHCFHV,2026-08-25,UOM=m but description doesn't match wire keywords
Conductor,16/2 1TPJ 250C AFC 18BG-42-,m,1835.5540,1140233,7768031107,WIC. MCLUMHVA 1,2026-08-25,UOM=m but description doesn't match wire keywords
Conductor,AFC PL50R42-06 FA STL ARM B,m,961.3130,1402393,7768033381,WIC. MCFAPLS 18,2026-08-25,UOM=m but description doesn't match wire keywords
Conductor,AFC SF10R42-00 FA RED STL A,m,884.7490,1857414,7768036876,WIC. MCFASG 16/,2026-08-25,UOM=m but description doesn't match wire keywords
Conductor,SF10R60-00 FA RED STL ARM B,m,884.7490,1857434,7768036877,WIC. MCFASG 16/,2026-08-25,UOM=m but description doesn't match wire keywords
Conductor,SF13R42-00 FA RED STL ARM B,m,1109.9670,1857435,7768036879,WIC. MCFASG 16/,2026-08-25,UOM=m but description doesn't match wire keywords
Conductor,SF13R60-00 FA RED STL ARM B,m,1109.9670,1857436,7768036880,WIC. MCFASG 16/,2026-08-25,UOM=m but description doesn't match wire keywords
Conductor,SF34R42-00 FA RED STL ARM B,m,930.5610,1857437,7768036883,WIC. MCFASG 14/,2026-08-25,UOM=m but description doesn't match wire keywords
Conductor,SF34R60-00 FA RED STL ARM B,m,930.5610,1857438,7768036884,WIC. MCFASG 14/,2026-08-25,UOM=m but description doesn't match wire keywords
Conductor,AFC SF34R42B05 FA RED STL A,m,930.5610,1857439,7768036909,WIC. MCFASG 14/,2026-08-25,UOM=m but description doesn't match wire keywords
Conductor,AFC SF34R60B05 FA RED STL A,m,930.5610,1857441,7768036910,WIC. MCFASG 14/,2026-08-25,UOM=m but description doesn't match wire keywords
Conductor,AFC SF34R42K06 FA RED STL A,m,930.5610,1857442,7768036912,WIC. MCFASG 14/,2026-08-25,UOM=m but description doesn't match wire keywords
Conductor,AFC SF34R60K06 FA RED STL A,m,930.5610,1857444,7768036913,WIC. MCFASG 14/,2026-08-25,UOM=m but description doesn't match wire keywords
Conductor,AFC SF34R42T37 FA RED STL A,m,930.5610,1857447,7768036976,WIC. MCFASG 14/,2026-08-25,UOM=m but description doesn't match wire keywords
Conductor,AFC SF34R60T37 FA RED STL A,m,930.5610,1857448,7768036978,WIC. MCFASG 14/,2026-08-25,UOM=m but description doesn't match wire keywords
Conductor,SF37R42-00 FA RED STL ARM B,m,1371.8890,1857449,7768036889,WIC. MCFASG 14/,2026-08-25,UOM=m but description doesn't match wire keywords
Conductor,SF37R60-00 FA RED STL ARM B,m,1371.8890,1857450,7768036890,WIC. MCFASG 14/,2026-08-25,UOM=m but description doesn't match wire keywords
Conductor,AFC SF37R42B05 FA RED STL A,m,1371.8890,1857451,7768036921,WIC. MCFASG 14/,2026-08-25,UOM=m but description doesn't match wire keywords
Conductor,AFC SF37R42K06 FA RED STL A,m,1371.8890,1857453,7768036924,WIC. MCFASG 14/,2026-08-25,UOM=m but description doesn't match wire keywords
Conductor,SF35R42-00 FA RED STL ARM B,m,1423.0510,1857455,7768036886,WIC. MCFASG 12/,2026-08-25,UOM=m but description doesn't match wire keywords
Conductor,SF35R60-00 FA RED STL ARM B,m,1423.0510,1857456,7768036887,WIC. MCFASG 12/,2026-08-25,UOM=m but description doesn't match wire keywords
Conductor,AFC SF35R60B05 FA RED STL A,m,1423.0510,1857458,7768036916,WIC. MCFASG 12/,2026-08-25,UOM=m but description doesn't match wire keywords
Conductor,250C AFC SF95R42K06 FA RED,m,1281.8020,1857467,7768036930,WIC. MCFASG 16/,2026-08-25,UOM=m but description doesn't match wire keywords
Conductor,1000R AFC SF95R60K06 FA RED,m,1281.8020,1857468,7768036931,WIC. MCFASG 16/,2026-08-25,UOM=m but description doesn't match wire keywords
Conductor,AFC 3914-60-00,m,6024.5740,1179332,7768026007,WIC. MCPLUS 10/,2026-08-25,UOM=m but description doesn't match wire keywords
Conductor,AFC 3105Z42-01 HV MC-QUIK L,m,1401.3570,8585,7768031370,WIC. MCHVAQ 12/,2026-08-25,UOM=m but description doesn't match wire keywords
Conductor,16/2 1TPJ 1000R AFC AL58-60,m,1625.3160,100388,7768036503,WIC. MCLUMHVAG,2026-08-25,UOM=m but description doesn't match wire keywords
Conductor,AFC 3104Z60-02 HV MC-QUIK L,m,808.7690,134127,7768031357,WIC. MCHVAQ 12/,2026-08-25,UOM=m but description doesn't match wire keywords
Data & Comm,4C/18 SH CMR/CL3P,m,1058.9060,323004,61282533684,BELDEN 5302FE-0,2026-08-25,UOM=m but description doesn't match wire keywords
Data & Comm,MULTI-CONDUCTOR CAT5E DATAT,m,1649.2670,846085,902968S0023,BELDEN 7958A,2026-08-25,UOM=m but description doesn't match wire keywords
Data & Comm,RS485 (1PR) 22 AWG (7X30) T,m,3297.0840,1275073,90296880036,BELDEN 3106A,2026-08-25,UOM=m but description doesn't match wire keywords
Misc,9/16X1-1/4 STPL,m,91.1720,969493,78022772610,B-E SN-100-IB-1,2026-08-25,UOM=m but description doesn't match wire keywords
Misc,INSLTD STAPLE,m,169.2690,477364,78022710030,B-E SN-40-I-B-S,2026-08-25,UOM=m but description doesn't match wire keywords
Misc,1/2X1-1/2 INS STPL 3000 KEG,m,88.3970,310715,78022775026,B-E SN-150-IB-3,2026-08-25,UOM=m but description doesn't match wire keywords
Misc,1/2X1 STPL,m,30.1990,256068,78022771966,B-E SN-40-B-100,2026-08-25,UOM=m but description doesn't match wire keywords
Misc,1X1/2 CBL STPL,m,50.5170,261361,78022771985,B-E SN-40-I-B-5,2026-08-25,UOM=m but description doesn't match wire keywords
Misc,1-1/2X1/2 INS STPL 100PK,m,72.5030,299884,78022775027,B-E SN150IB100,2026-08-25,UOM=m but description doesn't match wire keywords
Misc,1/2X1 INS STPL 100/PK,m,39.3720,299901,78022771981,B-E SN40IB100,2026-08-25,UOM=m but description doesn't match wire keywords
Misc,1/2X1 INS STPL 2500KEG,m,51.1070,299904,78022771980,B-E SN40IB2500,2026-08-25,UOM=m but description doesn't match wire keywords
Misc,1/2X1 INS STPL 500PACK,m,49.2180,299907,78022771984,B-E SN-40-I-B-5,2026-08-25,UOM=m but description doesn't match wire keywords
Conductor,6C/20 OA SH CM,m,1029.2890,801742,7940705963,CRL C0783A.41.1,2026-08-25,UOM=m but description doesn't match wire keywords
Conductor,19C/18 CBL,m,4412.5330,538331,7940704845,CRL C2424A.41.1,2026-08-25,UOM=m but description doesn't match wire keywords
Conductor,12C/18 CBL,m,2473.4880,974428,7940704835,CRL C2412A.41.1,2026-08-25,UOM=m but description doesn't match wire keywords
Conductor,2C/20 OA SH CM,m,414.8700,1077001,7940771199,CRL C0780.41.10,2026-08-25,UOM=m but description doesn't match wire keywords
Conductor,4C/20 OA SH CM,m,681.6810,1077624,7940704694,CRL C0782A.41.1,2026-08-25,UOM=m but description doesn't match wire keywords
Conductor,15C/22 CBL,m,1556.7450,120247,7940704684,CRL C0766A.41.1,2026-08-25,UOM=m but description doesn't match wire keywords
Conductor,22AWG CBL,m,609.7710,204417,7940740574,CRL C0762A.41.1,2026-08-25,UOM=m but description doesn't match wire keywords
Conductor,22AWG CBL,m,689.8860,204418,7940739032,CRL C0763A.41.1,2026-08-25,UOM=m but description doesn't match wire keywords
Conductor,10C/22 CBL,m,1174.8960,204420,7940704679,CRL C0765A.41.1,2026-08-25,UOM=m but description doesn't match wire keywords
Data & Comm,COAXRGUR1000 RG6U BLK COAX,m,91.1110,409848,2989248222,CLM 920030608,2026-08-25,UOM=m but description doesn't match wire keywords
Fittings,RG6U QUAD WHITE 1000FT REEL,m,142.6020,415425,2989248325,CLM 920410601,2026-08-25,UOM=m but description doesn't match wire keywords
Data & Comm,CAT5 24/4PR DIR BRL,m,242.4700,432201,2989228751,CLM 962940608,2026-08-25,UOM=m but description doesn't match wire keywords
Fittings,CLM 94664-45-02 16/4 SPEAKE,m,462.6770,731869,2989231809,CLM SPEAKER164,2026-08-25,UOM=m but description doesn't match wire keywords
Data & Comm,1 RG6 QUAD AND 1 4PR CAT5 C,m,567.1890,297090,2989227881,CLM 990001-06-0,2026-08-25,UOM=m but description doesn't match wire keywords
Fittings,RG6U 60% BD 1000'PULLBOX,m,84.5430,300843,029892S0030,CLM COAXRG6U100,2026-08-25,UOM=m but description doesn't match wire keywords
Fittings,RG6U PVC QUAD SHLD 1000'RL,m,121.9700,300848,029892S0029,CLM COAXRG6UQUA,2026-08-25,UOM=m but description doesn't match wire keywords
Fittings,RG6U QUAD WHITE 1000FT PULL,m,121.9700,300850,2989207476,CLM. COAXRG6UQU,2026-08-25,UOM=m but description doesn't match wire keywords
Data & Comm,WHITE COAX 60% 1000'RL,m,91.1110,300856,2989229995,CLM COAXRG6UWE,2026-08-25,UOM=m but description doesn't match wire keywords
Fittings,WH 16/2 26STR CBL,m,386.5410,35595,2989231798,CLM 946624501,2026-08-25,UOM=m but description doesn't match wire keywords
Fittings,YEL 14/2 41STR CBL,m,627.5860,35596,2989231802,CLM 946424502,2026-08-25,UOM=m but description doesn't match wire keywords
Data & Comm,CAT5E DIRECT BURIAL,m,242.4700,66548,029892S0027,CLM. 962940608-,2026-08-25,UOM=m but description doesn't match wire keywords
Data & Comm,CAT6 PLENUM WHITE PULL BOX,m,364.6380,1174106,980130S4432,CAT6 4PR NONSHL,2026-08-25,UOM=m but description doesn't match wire keywords
Data & Comm,CAT6 PLENUM GRAY PULL BOX,m,364.6380,1174113,980130S4433,CAT6. 4PR NONSH,2026-08-25,UOM=m but description doesn't match wire keywords
Data & Comm,CAT6 PLENUM BLUE PULL BOX,m,364.6380,1174114,980130S4434,CAT6. 4PR NONSH,2026-08-25,UOM=m but description doesn't match wire keywords
Data & Comm,1000PB CAT6 PLENUM YELLOW P,m,364.6380,1185284,980130S4456,CAT6. 23/4PR NO,2026-08-25,UOM=m but description doesn't match wire keywords
Data & Comm,1000PB CAT5E PLENUM BLUE PU,m,274.0510,1193046,980130S4473,CAT5EP 24/4PR N,2026-08-25,UOM=m but description doesn't match wire keywords
Data & Comm,1000PB CAT5E PLENUM GRAY PU,m,274.0510,1193047,980130S4472,CAT5E. 24/4PR N,2026-08-25,UOM=m but description doesn't match wire keywords
Data & Comm,1000PB CAT5E PLENUM WHITE P,m,274.0510,1193048,980130S4471,CAT5EP. 24/4PR,2026-08-25,UOM=m but description doesn't match wire keywords
Data & Comm,1000RIB CAT6E PLENUM WHITE,m,475.1360,1201572,980130S4480,CAT6E 23/4P NON,2026-08-25,UOM=m but description doesn't match wire keywords
Data & Comm,1000RIB CAT6E PLENUM BLUE R,m,538.1060,1201574,980130S4482,CAT6E. 23/4P NO,2026-08-25,UOM=m but description doesn't match wire keywords
Data & Comm,18/6C 7/15.1BC UNSH CMR/CL3,m,429.4100,328556,152102798,CMT 2798,2026-08-25,UOM=m but description doesn't match wire keywords
Data & Comm,16/2C UNSH FPLR CBL REDJ,m,194.6640,883512,152108698,CMT 8698,2026-08-25,UOM=m but description doesn't match wire keywords
Data & Comm,18/2C SBC UNSH TYPE FPLR RE,m,152.7230,883513,152108696,CMT 8696,2026-08-25,UOM=m but description doesn't match wire keywords
Data & Comm,14/4C PVC/NS/FLEX REDJ,m,666.1270,883515,152108710,CMT 8710,2026-08-25,UOM=m but description doesn't match wire keywords
Data & Comm,16/4C SBC PVC/NS/FLEX FPLP,m,443.1150,883516,152108708,CMT 8708,2026-08-25,UOM=m but description doesn't match wire keywords
Data & Comm,18/2C SBC PVC/NS/FLEX FPLP,m,168.9370,883517,152108704,CMT 8704,2026-08-25,UOM=m but description doesn't match wire keywords
Data & Comm,16/4C UNSH CMP CBL NATJ,m,556.2690,441779,152102284,CMT 2284,2026-08-25,UOM=m but description doesn't match wire keywords
Data & Comm,16/4C SBC PVC/OA/FLEX FPLP,m,444.5030,467923,SON00268368,CMT 4911,2026-08-25,UOM=m but description doesn't match wire keywords
Data & Comm,16/2C 19/.0117BC OA SH CMP,m,296.3130,297408,152102172,CMT 2172,2026-08-25,UOM=m but description doesn't match wire keywords
Data & Comm,14/2C UNSH CL3P CBL WHTJ,m,377.9140,297410,152102208,CMT 2208,2026-08-25,UOM=m but description doesn't match wire keywords
Data & Comm,16/2C 19/0117BC CL3P/CMP/FP,m,225.3490,297417,152102282,CMT 2282,2026-08-25,UOM=m but description doesn't match wire keywords
Data & Comm,12/2C 19/0185BC CL3P/FPLP N,m,522.7660,297439,152190001,CMT 2729,2026-08-25,UOM=m but description doesn't match wire keywords
Data & Comm,22/2C 7/30BC UNSH CMR/CL3R,m,81.4870,297447,152102772,CMT 2772,2026-08-25,UOM=m but description doesn't match wire keywords
Data & Comm,22/4C 7/30BC UNSH CMR/CL3R,m,128.0790,297450,152102774,CMT 2774,2026-08-25,UOM=m but description doesn't match wire keywords
Data & Comm,22/6C CMR/CL3R CBL GRYJ,m,200.0880,297453,152102776,CMT 2776,2026-08-25,UOM=m but description doesn't match wire keywords
Data & Comm,22/2C 7/30BC OAS CMR/CL3R G,m,120.3520,297456,152102783,CMT 2783,2026-08-25,UOM=m but description doesn't match wire keywords
Data & Comm,22/4C 7/30BC OAS CMR/CL3R G,m,186.3260,297460,152102785,CMT 2785,2026-08-25,UOM=m but description doesn't match wire keywords
Data & Comm,22/6C 7/30BC OAS CMR/CL3R G,m,232.6890,297463,152102787,CMT 2787,2026-08-25,UOM=m but description doesn't match wire keywords
Data & Comm,18/2C CMR/CL3R CBL GRYJ,m,157.6250,297467,152102794,CMT 2794,2026-08-25,UOM=m but description doesn't match wire keywords
Data & Comm,18/3C CMR/CL3R CBL GRYJ,m,209.4940,297471,152102795,CMT 2795,2026-08-25,UOM=m but description doesn't match wire keywords
Data & Comm,18/4C CMR/CL3R CBL NP NS GR,m,286.1350,297474,152102796,CMT 2796,2026-08-25,UOM=m but description doesn't match wire keywords
Data & Comm,18/8C 7/15.1BC UNSH CMR/CL3,m,547.0370,297477,152102800,CMT 2800,2026-08-25,UOM=m but description doesn't match wire keywords
Data & Comm,18/2C CMR/CL3R CBL GRYJ,m,192.0320,297480,152102805,CMT 2805,2026-08-25,UOM=m but description doesn't match wire keywords
Data & Comm,18/3C 7/26BC OAS CMR/CL3R G,m,266.7370,297483,152102806,CMT 2806,2026-08-25,UOM=m but description doesn't match wire keywords
Data & Comm,18/4C 7/26BC OAS CMR/CL3R G,m,319.5800,297486,152102807,CMT 2807,2026-08-25,UOM=m but description doesn't match wire keywords
Data & Comm,16/2C 19/.0117BC UNSH CMR/C,m,226.5820,297492,152102836,CMT 2836,2026-08-25,UOM=m but description doesn't match wire keywords
Data & Comm,16/4C UNSH CMR CBL GRYJ,m,450.6550,297494,152102837,CMT 2837,2026-08-25,UOM=m but description doesn't match wire keywords
Data & Comm,16/2C 19/.0117BC OAS CMR/CL,m,281.4870,297497,152102838,CMT 2838,2026-08-25,UOM=m but description doesn't match wire keywords
Data & Comm,14/2C UNSH CL3R CBL GRYJ,m,337.6430,297499,152102840,CMT 2840,2026-08-25,UOM=m but description doesn't match wire keywords
Data & Comm,18/4C SBC UNSH TYPE FPLR RE,m,278.0920,297534,152104186,CMT 4186,2026-08-25,UOM=m but description doesn't match wire keywords
Data & Comm,18/2C SBC OA SH TYPE FPLR R,m,186.0970,297537,152104228,CMT 4228,2026-08-25,UOM=m but description doesn't match wire keywords
Data & Comm,16/4C UNSH FPLR CBL REDJ,m,359.9600,297544,152104236,CMT 4236,2026-08-25,UOM=m but description doesn't match wire keywords
Data & Comm,16/2C SH FPLR CBL REDJ,m,278.1480,297547,152104237,CMT 4237,2026-08-25,UOM=m but description doesn't match wire keywords
Data & Comm,16/4C SBC OA SH TYPE FPLR R,m,463.8730,297549,152104239,CMT 4239,2026-08-25,UOM=m but description doesn't match wire keywords
Data & Comm,14/2C UNSH FPLR REDJ,m,291.1630,297550,152104240,CMT 4240,2026-08-25,UOM=m but description doesn't match wire keywords
Data & Comm,14/4C SBC UNSH TYPE FPLR RE,m,673.6540,297553,152104241,CMT 4241,2026-08-25,UOM=m but description doesn't match wire keywords
Data & Comm,CBL 1000FT SP REDJ,m,384.8530,297556,152104242,CMT 4242,2026-08-25,UOM=m but description doesn't match wire keywords
Data & Comm,14/4C SHLD FPLR RED,m,767.9990,297559,152104244,CMT 4244,2026-08-25,UOM=m but description doesn't match wire keywords
Data & Comm,12/2C UNSH FPLR REDJ,m,515.7850,297562,152104511,CMT 4511,2026-08-25,UOM=m but description doesn't match wire keywords
Data & Comm,18/2C UNSHLD SOL PLEN WHITE,m,179.2150,297570,152104829,CMT 4829,2026-08-25,UOM=m but description doesn't match wire keywords
Data & Comm,18/3C UNSHLD SOL PLEN WHITE,m,263.3540,297572,152104830,CMT 4830,2026-08-25,UOM=m but description doesn't match wire keywords
Data & Comm,18/4C UNSHLD SOL PLEN WHITE,m,872.0650,297574,152104831,CMT 4831,2026-08-25,UOM=m but description doesn't match wire keywords
Data & Comm,18/2C 7/26BC CL3P/CMP/FPLP,m,159.6470,297580,152104842,CMT 4842,2026-08-25,UOM=m but description doesn't match wire keywords
Data & Comm,18/3C UNSH CMP CBL WHTJ,m,220.5470,297583,152104843,CMT 4843,2026-08-25,UOM=m but description doesn't match wire keywords
Data & Comm,18/4C UNSH CMP CBL WHTJ,m,301.4600,297584,152104844,CMT 4844,2026-08-25,UOM=m but description doesn't match wire keywords
Data & Comm,18/6C 7/26BC CL3P/CMP/FPLP,m,427.6600,297587,152104846,CMT 4846,2026-08-25,UOM=m but description doesn't match wire keywords
Data & Comm,18/2C 7/26BC OA SH CMP/CL3P,m,198.4260,297590,152104853,CMT 4853,2026-08-25,UOM=m but description doesn't match wire keywords
Data & Comm,18/3C 7/26BC OA SH CMP/CL3P,m,263.3110,297593,152104854,CMT 4854,2026-08-25,UOM=m but description doesn't match wire keywords
Data & Comm,18/4C 7/26BC OA SH CMP/CL3P,m,319.8100,297596,152104855,CMT 4855,2026-08-25,UOM=m but description doesn't match wire keywords
Data & Comm,18/6C CMP/CL3P CBL WHTJ,m,470.0670,297598,152104857,CMT 4857,2026-08-25,UOM=m but description doesn't match wire keywords
Data & Comm,18/8C 7/26BC OA SH CMP/CL3P,m,626.4740,297601,152104859,CMT 4859,2026-08-25,UOM=m but description doesn't match wire keywords
Data & Comm,22/2C 7/30BC OA SH CMP/CL3P,m,135.9060,297603,152104869,CMT 4869,2026-08-25,UOM=m but description doesn't match wire keywords
Data & Comm,22/4C CMP/CL3P CBL WHTJ,m,187.2870,297606,152104871,CMT 4871,2026-08-25,UOM=m but description doesn't match wire keywords
Data & Comm,14/2C PVC/NS FPLP REDJ,m,325.7020,297607,152104883,CMT 4883,2026-08-25,UOM=m but description doesn't match wire keywords
Data & Comm,14/2C SBC PVC/OA/FLEX FPLP,m,392.5220,297613,152104888,CMT 4888,2026-08-25,UOM=m but description doesn't match wire keywords
Data & Comm,16/2C UNSH FPLP CBL REDJ,m,216.4320,297618,152104893,CMT 4893,2026-08-25,UOM=m but description doesn't match wire keywords
Data & Comm,18/4C SBC PVC/NS/FLEX FPLP,m,300.2980,297627,152104900,CMT 4900,2026-08-25,UOM=m but description doesn't match wire keywords
Data & Comm,16/2C SH FPLP CBL REDJ,m,253.2330,297630,152104909,CMT 4909,2026-08-25,UOM=m but description doesn't match wire keywords
Data & Comm,18/2C SBC PVC/OA/FLEX FPLP,m,205.5220,297631,152104914,CMT 4914,2026-08-25,UOM=m but description doesn't match wire keywords
Data & Comm,22/4C 7/30BC CL3P/CMP/FPLP,m,151.8770,297645,152104952,CMT 4952,2026-08-25,UOM=m but description doesn't match wire keywords
Data & Comm,12/2C SBC PVC/NS/FLEX FPLP,m,496.5170,297651,152104977,CMT 4977,2026-08-25,UOM=m but description doesn't match wire keywords
Fittings,SUPER B CONN SEALANT W / PL,m,96.4210,167438,71098370112,DCC DC-1000S,2026-08-25,UOM=m but description doesn't match wire keywords
Conductor,ENCORE FA882210521050,m,888.9390,646191,73937378710,WIC. MCFASE 18/,2026-08-25,UOM=m but description doesn't match wire keywords
Conductor,ENCORE 767310729498 ALU ARM,m,1553.1460,1604213,73937377412,WIC. MCPVCA 14/,2026-08-25,UOM=m but description doesn't match wire keywords
Misc,MGS600XR 1441 30M T,m,3539.5850,1070624,260691S0005,HARBOUR F00450T,2026-08-25,UOM=m but description doesn't match wire keywords
Misc,MGS600XR 1265 30M T,m,5327.1890,1070625,260691S0006,HARBOUR F00451T,2026-08-25,UOM=m but description doesn't match wire keywords
Misc,MGS600XR 10105 30M T,m,8774.3810,1070627,260691S0008,HARBOUR F01844T,2026-08-25,UOM=m but description doesn't match wire keywords
Misc,MGS600XR 8133 29M T,m,15139.5480,1070628,260691S0003,HARBOUR F00036T,2026-08-25,UOM=m but description doesn't match wire keywords
Misc,1441 30M T GRN/YEL,m,3566.1430,1071217,260691S0004,HARBOUR F004505,2026-08-25,UOM=m but description doesn't match wire keywords
Misc,10105 30M T GRN/YEL,m,8458.6150,1071220,260691S0007,HARBOUR F018445,2026-08-25,UOM=m but description doesn't match wire keywords
Misc,MGS600XR 6133 27M T,m,18564.2870,1269905,260691S0009,HARBOUR F04729-,2026-08-25,UOM=m but description doesn't match wire keywords
Misc,MGS600XR 1816 30M 0,m,1609.7130,1269909,260691S0013,HARBOUR F00449-,2026-08-25,UOM=m but description doesn't match wire keywords
Misc,SUNBUNDLER PV 8IN TYWRAP,m,681.8180,1306300,SON00258691,HEYCO S6409,2026-08-25,UOM=m but description doesn't match wire keywords
Data & Comm,CAT6A CMP UNSHLD BLU 1000R,m,918.9590,1270284,88661821920,HONGEN 53931006,2026-08-25,UOM=m but description doesn't match wire keywords
HVAC & Motors,14/2 SOL FPLP RED 1000R,m,349.9080,884433,,HONGEN 45131004,2026-08-25,UOM=m but description doesn't match wire keywords
HVAC & Motors,TWISTED 1000FT,m,554.4860,1204047,781410S0005,HONGEN 16/4 OAS,2026-08-25,UOM=m but description doesn't match wire keywords
Terminals & Lugs,TWISTER PRO RED TAN 500/JR,m,119.9360,99228,78325058557,IDEAL 30-644J,2026-08-25,UOM=m but description doesn't match wire keywords
Terminals & Lugs,WINGNUT 454 BLU 100PC/BAG,m,403.9180,53041,78325030654,IDEAL 30-654,2026-08-25,UOM=m but description doesn't match wire keywords
Misc,SCR MTD CBL TIE,m,71.9570,248406,78325057323,IDEAL B-8-50MT-,2026-08-25,UOM=m but description doesn't match wire keywords
Misc,SCR MTD CBL TIE,m,77.0410,12128,78325057322,IDEAL B-8-50MT-,2026-08-25,UOM=m but description doesn't match wire keywords
Misc,ORG TWISTCONN BAG500,m,47.0590,252441,78178961005,IDEAL WT3-B,2026-08-25,UOM=m but description doesn't match wire keywords
Fittings,TAN CONN 500/BAG,m,82.4550,20782,78178996767,IDEAL WT41-B,2026-08-25,UOM=m but description doesn't match wire keywords
Misc,YEL TWISTCONN BG500,m,77.6170,12194,78178961101,IDEAL WT51-B,2026-08-25,UOM=m but description doesn't match wire keywords
Misc,RED TWISTCONN BG500,m,102.3300,21149,78178961103,IDEAL WT52-B,2026-08-25,UOM=m but description doesn't match wire keywords
Terminals & Lugs,400/JR TWISTER PROFLEX 347,m,127.7440,1769730,78325053047,IDEAL 30-1347JR,2026-08-25,UOM=m but description doesn't match wire keywords
Terminals & Lugs,TWISTER PROFLEX MINI 343 O/,m,115.6470,1652037,78325049648,IDEAL 30-343,2026-08-25,UOM=m but description doesn't match wire keywords
Terminals & Lugs,TWISTER PROFLEX MINI 343 O/,m,93.6190,1652038,78325060929,IDEAL 30-643J,2026-08-25,UOM=m but description doesn't match wire keywords
Terminals & Lugs,TWISTER PROFLEX 347 R/Y 50/,m,166.1220,1434030,78325080237,IDEAL 30-1047,2026-08-25,UOM=m but description doesn't match wire keywords
Terminals & Lugs,TWISTER PROFLEX 347 R/Y 250,m,164.4450,1434031,78325080238,IDEAL 30-347,2026-08-25,UOM=m but description doesn't match wire keywords
Misc,PLASTIC INSUL STAPLE 2500 P,m,29.1130,377409,78394106024,KINGMFG` 06024,2026-08-25,UOM=m but description doesn't match wire keywords
Misc,5M PLASTC INS STPLE,m,31.2380,85153,78394106021,KINGMFG` 06021,2026-08-25,UOM=m but description doesn't match wire keywords
Misc,PLSTC INSUL STAPLE,m,33.2120,85262,78394106022,KINGMFG` 06022,2026-08-25,UOM=m but description doesn't match wire keywords
Misc,PLAST INSUL STAPLE,m,30.1430,85411,78394106023,KINGMFG` 06023,2026-08-25,UOM=m but description doesn't match wire keywords
Fittings,OLFLEX POWER MULTI 3G1 18/3,m,4232.1210,691659,S1443600969,LAP 611803,2026-08-25,UOM=m but description doesn't match wire keywords
Motors & Controls,OLFLEX VFD SLIM 4G1.5 16/4C,m,5322.2660,977532,S1443601628,LAP 761604-MR,2026-08-25,UOM=m but description doesn't match wire keywords
Conductor,STL ARM BLK RED BLU WHT GRN,m,1976.1900,20087,98010034695,WIC. MCS 12/4 S,2026-08-25,UOM=m but description doesn't match wire keywords
Conductor,GENERIC HV ALU ARM BRN GRY,m,1811.9050,5850,980100S0760,WIC. MCHVA 10/2,2026-08-25,UOM=m but description doesn't match wire keywords
Conductor,STL ARM BLK RED BLU WHT GRN,m,4000.3090,49944,980100S0529,WIC. MCS 10/4 S,2026-08-25,UOM=m but description doesn't match wire keywords
Conductor,MR HV ALU ARM BRN ORG YEL G,m,11688.3740,1018245,980100S7115,WIC. MCHVA 2/4,2026-08-25,UOM=m but description doesn't match wire keywords
Conductor,GENERIC HV ALU ARM BRN GRY,m,1824.9120,125338,980100S0759,WIC. MCHVA 10/2,2026-08-25,UOM=m but description doesn't match wire keywords
Conductor,ALU ARM BLK WHT RED GRN,m,1319.8420,1270239,980100S7172,WIC. MCA 14/3 S,2026-08-25,UOM=m but description doesn't match wire keywords
Conductor,HEALTH CARE HV STL ARM BRN,m,1370.9440,217721,980100S0273,WIC. HCFHVS 12/,2026-08-25,UOM=m but description doesn't match wire keywords
Conductor,ALU ARM BLK RED WHT GRN,m,1332.8490,175434,980100S0307,WIC. MCA 14/3 S,2026-08-25,UOM=m but description doesn't match wire keywords
Conductor,ALU ARM BLK RED WHT GRN,m,1592.0630,57331,980100S0300,WIC. MCA 12/3 S,2026-08-25,UOM=m but description doesn't match wire keywords
Conductor,ALUMINUM JACKET WITH GREEN,m,12531.0410,176662,980100S0967,WIC. MCA 2/4 ST,2026-08-25,UOM=m but description doesn't match wire keywords
Conductor,1000R,m,1592.7770,352705,980100S0383,WIC. MCFAS 14/2,2026-08-25,UOM=m but description doesn't match wire keywords
Conductor,HV ALU ARM YEL GRY GRN,m,806.7270,131753,980100S0781,WIC. MCHVA 12/2,2026-08-25,UOM=m but description doesn't match wire keywords
Conductor,ALU ARM BLK RED WHT GRN,m,1763.6110,363754,980100S0699,WIC. MCA 12/3 S,2026-08-25,UOM=m but description doesn't match wire keywords
Conductor,ALU ARM PVC BLK WHT GRN,m,2256.7830,134640,980100S0494,WIC. MCPVCA 10/,2026-08-25,UOM=m but description doesn't match wire keywords
Conductor,MR ALU ARM BRN ORG YEL GRY,m,7383.7040,892130,980100S4748,WIC. MCHVA 4/4,2026-08-25,UOM=m but description doesn't match wire keywords
Conductor,HV ALU ARM BRN ORG YEL GRN,m,2853.0940,896732,980100S4749,WIC. MCHVA 8/3,2026-08-25,UOM=m but description doesn't match wire keywords
Conductor,ALUMINUM JACKET WITH GREEN,m,2853.0940,906074,980100S4717,WIC. MCA 8/3 ST,2026-08-25,UOM=m but description doesn't match wire keywords
Conductor,ALU ARM PVC BLK RED WHT GRN,m,3399.1310,181048,980100S0901,WIC. MCPVCA 10/,2026-08-25,UOM=m but description doesn't match wire keywords
Conductor,1000R HV ALU ARM BRN ORG GR,m,2552.6910,114737,980100S5618,WIC. MCHVA 10/3,2026-08-25,UOM=m but description doesn't match wire keywords
Conductor,MR,m,5789.5430,419628,980100S5706,WIC. MCHVA 6/4,2026-08-25,UOM=m but description doesn't match wire keywords
Conductor,STL ARM BLK RED BLU WHT GRN,m,3987.3010,72790,98010034700,WIC. MCS 10/4 S,2026-08-25,UOM=m but description doesn't match wire keywords
Conductor,HV ALU ARM BRN ORG GRY GRN,m,7310.1930,1182180,980100S7051,WIC. MCHVA 3/3,2026-08-25,UOM=m but description doesn't match wire keywords
Conductor,HEALTH CARE ALU ARM BLK WHT,m,1639.6820,446556,980100S5687,WIC. HCFA 12/2,2026-08-25,UOM=m but description doesn't match wire keywords
Conductor,HEALTH CARE STL ARM BLK WHT,m,1370.9440,447007,980100S5676,WIC. HCFS 12/2,2026-08-25,UOM=m but description doesn't match wire keywords
Conductor,ALU ARM RED WHT GRN,m,1824.9120,449344,980100S4626,WIC. MCA 10/2 S,2026-08-25,UOM=m but description doesn't match wire keywords
Conductor,250C HV ALU ARM BRN ORG GRY,m,2539.6820,449913,980100S5617,WIC. MCHVA 10/3,2026-08-25,UOM=m but description doesn't match wire keywords
Conductor,ALU ARM PVC BLK WHT GRN PAR,m,2158.6620,451392,980100S4765,WIC. MCPVCA 10/,2026-08-25,UOM=m but description doesn't match wire keywords
Conductor,ALU ARM BLK WHT GRN,m,1040.7850,45517,98010034725,WIC. MCA 12/2 S,2026-08-25,UOM=m but description doesn't match wire keywords
Conductor,ISO GRD ALU ARM BLK WHT GRN,m,1481.7460,15325,980100S0876,WIC. MCIGA 12/2,2026-08-25,UOM=m but description doesn't match wire keywords
Conductor,HEALTH CARE ALU ARM BLK RED,m,2014.5950,22187,980100S0260,WIC. HCFA 12/3,2026-08-25,UOM=m but description doesn't match wire keywords
Conductor,ISO GRD STL ARM BLK WHT GRN,m,1481.7460,295818,980100S0882,WIC. MCIGS 12/2,2026-08-25,UOM=m but description doesn't match wire keywords
Conductor,ISO GRD STL ARM BLK WHT GRN,m,1481.7460,295824,980100S0475,WIC. MCIGS 12/2,2026-08-25,UOM=m but description doesn't match wire keywords
Conductor,ALU ARM BLU WHT GRN,m,806.7270,21478,980100S0692,WIC. MCA 12/2 S,2026-08-25,UOM=m but description doesn't match wire keywords
Conductor,GENERIC ALU ARM BLK WHT GRN,m,2144.6170,24118,98010034703,WIC. MCA 10/2 S,2026-08-25,UOM=m but description doesn't match wire keywords
Conductor,HEALTH CARE ALU ARM BLK RED,m,2001.5870,18968,98010034820,WIC. HCFA 12/3,2026-08-25,UOM=m but description doesn't match wire keywords
Conductor,ALU ARM BLK RED WHT GRN,m,3006.0340,16006,98010034706,WIC. MCA 10/3 S,2026-08-25,UOM=m but description doesn't match wire keywords
Conductor,HV ALU ARM YEL GRY GRN,m,800.4310,16011,980100S0783,WIC. MCHVA 12/2,2026-08-25,UOM=m but description doesn't match wire keywords
Conductor,ALU ARM RED WHT GRN,m,806.7270,20551,980100S0694,WIC. MCA 12/2 S,2026-08-25,UOM=m but description doesn't match wire keywords
Conductor,ALU ARM BLK RED BLU WHT GRN,m,3987.3010,18618,98010034709,WIC. MCA 10/4 S,2026-08-25,UOM=m but description doesn't match wire keywords
Conductor,ALU ARM BLK WHT GRN,m,766.1930,522,98010034702,WIC. MCA 12/2 S,2026-08-25,UOM=m but description doesn't match wire keywords
Conductor,ALU ARM BLK RED WHT GRN,m,1413.5620,30165,98010034705,WIC. MCA 12/3 S,2026-08-25,UOM=m but description doesn't match wire keywords
Conductor,ALU ARM BLK RED BLU WHT GRN,m,1976.1900,22052,98010034708,WIC. MCA 12/4 S,2026-08-25,UOM=m but description doesn't match wire keywords
Conductor,ALU ARM BLK WHT GRN,m,757.3480,7376,98010034701,WIC. MCA 14/2 S,2026-08-25,UOM=m but description doesn't match wire keywords
Conductor,ALU ARM BLK RED BLU WHT GRN,m,1839.6820,9548,98010034707,WIC. MCA 14/4 S,2026-08-25,UOM=m but description doesn't match wire keywords
Conductor,ISO GRD ALU ARM BLK WHT GRN,m,1481.7460,20650,980100S0470,WIC. MCIGA 12/2,2026-08-25,UOM=m but description doesn't match wire keywords
Conductor,HV ALU ARM BRN GRY GRN,m,800.4310,1535,980100S0775,WIC. MCHVA 12/2,2026-08-25,UOM=m but description doesn't match wire keywords
Conductor,ALU ARM BLK WHT GRN,m,1027.7780,14482,980100S0298,WIC. MCA 12/2 S,2026-08-25,UOM=m but description doesn't match wire keywords
Conductor,ALUMINUM JACKET WITH GREEN,m,2027.8570,249442,980100S5597,WIC. MCA 8/2 ST,2026-08-25,UOM=m but description doesn't match wire keywords
Conductor,ALUMINUM JACKET WITH GREEN,m,3058.7860,26257,980100S0725,WIC. MCA 8/3 ST,2026-08-25,UOM=m but description doesn't match wire keywords
Conductor,ALU ARM BLK WHT GRN,m,2160.0130,27787,980100S0290,WIC. MCA 10/2 S,2026-08-25,UOM=m but description doesn't match wire keywords
Conductor,ALU ARM BLK RED WHT GRN,m,3021.4310,3685,980100S0292,WIC. MCA 10/3 S,2026-08-25,UOM=m but description doesn't match wire keywords
Conductor,HV ALU ARM ORG GRY GRN,m,806.7270,24046,980100S0776,WIC. MCHVA 12/2,2026-08-25,UOM=m but description doesn't match wire keywords
Conductor,HV ALU ARM ORG GRY GRN,m,800.4310,26080,980100S0778,WIC. MCHVA 12/2,2026-08-25,UOM=m but description doesn't match wire keywords
Conductor,ALU ARM BLK WHT GRN,m,772.2200,13220,980100S0688,WIC. MCA 12/2 S,2026-08-25,UOM=m but description doesn't match wire keywords
Conductor,ALU ARM BLK RED WHT GRN,m,1437.9020,2522,980100S0299,WIC. MCA 12/3 S,2026-08-25,UOM=m but description doesn't match wire keywords
Conductor,ALU ARM BLK RED BLU WHT GRN,m,1989.1980,3307,980100S0302,WIC. MCA 12/4 S,2026-08-25,UOM=m but description doesn't match wire keywords
Conductor,ALU ARM BLK WHT GRN,m,769.8070,11004,980100S0305,WIC. MCA 14/2 S,2026-08-25,UOM=m but description doesn't match wire keywords
Conductor,ALU ARM BLK RED WHT GRN,m,1319.8420,7520,98010034704,WIC. MCA 14/3 S,2026-08-25,UOM=m but description doesn't match wire keywords
Conductor,ALU ARM BLK RED BLU WHT GRN,m,1852.6910,23145,980100S0308,WIC. MCA 14/4 S,2026-08-25,UOM=m but description doesn't match wire keywords
Conductor,ALU ARM BLK WHT GRN,m,804.2070,206428,980100S0306,WIC. MCA 14/2 S,2026-08-25,UOM=m but description doesn't match wire keywords
Conductor,HV ALU ARM BRN GRY GRN,m,806.7270,211581,980100S5615,WIC. MCHVA 12/2,2026-08-25,UOM=m but description doesn't match wire keywords
Conductor,1000R HV ALU ARM BRN ORG GR,m,1437.9020,211273,980100S0784,WIC. MCHVA 12/3,2026-08-25,UOM=m but description doesn't match wire keywords
Conductor,HEALTH CARE HV ALU ARM BRN,m,1370.9440,206418,980100S0657,WIC. HCFHVA 12/,2026-08-25,UOM=m but description doesn't match wire keywords
Conductor,HEALTH CARE HV ALU ARM BRN,m,1357.9370,206476,980100S0658,WIC. HCFHVA 12/,2026-08-25,UOM=m but description doesn't match wire keywords
Conductor,GENERIC HV ALU ARM ORG GRY,m,1824.9120,211472,980100S5683,WIC. MCHVA 10/2,2026-08-25,UOM=m but description doesn't match wire keywords
Conductor,GENERIC HV ALU ARM YEL GRY,m,1824.9120,211478,980100S0764,WIC. MCHVA 10/2,2026-08-25,UOM=m but description doesn't match wire keywords
Conductor,1000R HV ALU ARM BRN ORG YE,m,1989.1980,211617,980100S0796,WIC. MCHVA 12/4,2026-08-25,UOM=m but description doesn't match wire keywords
Conductor,250C HV ALU ARM BRN ORG YEL,m,1976.1900,211632,980100S0797,WIC. MCHVA 12/4,2026-08-25,UOM=m but description doesn't match wire keywords
Conductor,250C HEALTH CARE HV ALU ARM,m,2001.5870,209151,980100S0664,WIC. HCFHVA 12/,2026-08-25,UOM=m but description doesn't match wire keywords
Conductor,HEALTH CARE ALU ARM BLK WHT,m,2259.0400,209745,980100S0255,WIC. HCFA 10/2,2026-08-25,UOM=m but description doesn't match wire keywords
Conductor,ALU ARM PVC BLK WHT GRN PAR,m,1551.2770,212640,980100S0499,WIC. MCPVCA 12/,2026-08-25,UOM=m but description doesn't match wire keywords
Conductor,ALU ARM PVC BLK WHT GRN,m,1483.8300,247487,980100S5457,WIC. MCPVCA 12/,2026-08-25,UOM=m but description doesn't match wire keywords
Conductor,ISO GRD ALU ARM BLK WHT GRN,m,2818.2540,216603,980100S0467,WIC. MCIGA 10/2,2026-08-25,UOM=m but description doesn't match wire keywords
Conductor,ALU ARM PVC BLK RED WHT GRN,m,2120.9060,212023,980100S0500,WIC. MCPVCA 12/,2026-08-25,UOM=m but description doesn't match wire keywords
Conductor,ALU ARM PVC BLK RED WHT GRN,m,1914.8460,247489,980100S0903,WIC. MCPVCA 12/,2026-08-25,UOM=m but description doesn't match wire keywords
Conductor,ALUMINUM JACKET WITH GREEN,m,4421.6710,207362,980100S0333,WIC. MCA 6/3 ST,2026-08-25,UOM=m but description doesn't match wire keywords
Misc,ALU ARM BLK RED WHT BARE GR,m,2999.7720,207584,980120S4082,WIA. MCA 2/3 ST,2026-08-25,UOM=m but description doesn't match wire keywords
Misc,W/4AWG GRD,m,3930.8300,212363,980120S4034,WIA. MCA 1/3 ST,2026-08-25,UOM=m but description doesn't match wire keywords
Misc,ALU ARM,m,4412.9500,208690,980120S4037,WIA. MCA 2/0-2/,2026-08-25,UOM=m but description doesn't match wire keywords
Conductor,ALUMINUM JACKET WITH GREEN,m,7383.7040,206545,980100S0718,WIC. MCA 4/4 ST,2026-08-25,UOM=m but description doesn't match wire keywords
Misc,W/4AWG GRD,m,4577.6340,212626,980120S4035,WIA. MCA 1/4 ST,2026-08-25,UOM=m but description doesn't match wire keywords
Conductor,250C HV ALU ARM BRN ORG YEL,m,3987.3010,206414,980100S0771,WIC. MCHVA 10/4,2026-08-25,UOM=m but description doesn't match wire keywords
Conductor,MR,m,3846.5530,207470,980100S0802,WIC. MCHVA 8/4,2026-08-25,UOM=m but description doesn't match wire keywords
Misc,4BARE GRD,m,5653.4570,208143,980120S4046,WIA. MCA 3/0-3/,2026-08-25,UOM=m but description doesn't match wire keywords
Conductor,ALUMINUM JACKET WITH GREEN,m,14939.3560,211369,980100S0289,WIC. MCA 1/4 ST,2026-08-25,UOM=m but description doesn't match wire keywords
Conductor,HEALTH CARE STL ARM BLK WHT,m,1357.9370,83089,980100S0279,WIC. HCFS 12/2,2026-08-25,UOM=m but description doesn't match wire keywords
Conductor,ALU ARM PVC BLK RED WHT GRN,m,3399.1310,213505,980100S0496,WIC. MCPVCA 10/,2026-08-25,UOM=m but description doesn't match wire keywords
Conductor,HEALTH CARE ALU ARM BLK WHT,m,2246.0310,83209,98010034810,WIC. HCFA 10/2,2026-08-25,UOM=m but description doesn't match wire keywords
Conductor,250C HV ALU ARM BRN ORG GRY,m,1413.5620,127943,980100S0786,WIC. MCHVA 12/3,2026-08-25,UOM=m but description doesn't match wire keywords
Conductor,HEALTH CARE ALU ARM BLK RED,m,3490.4760,88259,98010034825,WIC. HCFA 10/3,2026-08-25,UOM=m but description doesn't match wire keywords
Conductor,HV ALU ARM BRN ORG GRY GRN,m,2552.6910,366845,980100S0767,WIC. MCHVA 10/3,2026-08-25,UOM=m but description doesn't match wire keywords
Conductor,STL ARM BLK RED BLU WHT GRN,m,1989.1980,92658,980100S5481,WIC. MCS 12/4 S,2026-08-25,UOM=m but description doesn't match wire keywords
Conductor,ALU ARM BLK RED BLU WHT GRN,m,4563.2950,93356,980100S5460,WIC. MCA 10/4 S,2026-08-25,UOM=m but description doesn't match wire keywords
Conductor,STL ARM BLK RED WHT GRN,m,2539.6820,300908,980100S0911,WIC. MCS 10/3 S,2026-08-25,UOM=m but description doesn't match wire keywords
Conductor,ALU ARM BLK WHT GRN,m,2160.0130,301133,980100S0683,WIC. MCA 10/2 S,2026-08-25,UOM=m but description doesn't match wire keywords
Conductor,ALU ARM BLK RED WHT GRN,m,3021.4310,301136,980100S0685,WIC. MCA 10/3 S,2026-08-25,UOM=m but description doesn't match wire keywords
Conductor,ALU ARM BLK RED BLU WHT GRN,m,4000.3090,301140,980100S0686,WIC. MCA 10/4 S,2026-08-25,UOM=m but description doesn't match wire keywords
Conductor,ALU ARM BLK WHT GRN,m,989.4640,301143,980100S0296,WIC. MCA 12/2 S,2026-08-25,UOM=m but description doesn't match wire keywords
Conductor,ALU ARM BLK RED WHT GRN,m,1605.0710,301146,980100S0301,WIC. MCA 12/3 S,2026-08-25,UOM=m but description doesn't match wire keywords
Conductor,ALU ARM BLK RED BLU WHT GRN,m,1989.1980,301149,980100S0303,WIC. MCA 12/4 S,2026-08-25,UOM=m but description doesn't match wire keywords
Conductor,ALUMINUM JACKET WITH GREEN,m,2853.0940,301236,980100S0340,WIC. MCA 8/3 ST,2026-08-25,UOM=m but description doesn't match wire keywords
Conductor,ALUMINUM JACKET WITH GREEN,m,3846.5530,301240,980100S0727,WIC. MCA 8/4 ST,2026-08-25,UOM=m but description doesn't match wire keywords
Conductor,STL ARM BLK WHT GRN,m,1811.9050,96866,98010034610,WIC. MCS 10/2 S,2026-08-25,UOM=m but description doesn't match wire keywords
Conductor,ALM ARM,m,3002.5860,93168,980100S6497,WIC. MCA 6/2 ST,2026-08-25,UOM=m but description doesn't match wire keywords
Conductor,HEALTH CARE ALU ARM BLK WHT,m,1370.9440,32857,980100S0258,WIC. HCFA 12/2,2026-08-25,UOM=m but description doesn't match wire keywords
Conductor,HEALTH CARE ALU ARM BLK WHT,m,1357.9370,1284,98010034805,WIC. HCFA 12/2,2026-08-25,UOM=m but description doesn't match wire keywords
Conductor,MR,m,6104.6840,216006,SON00295678,WIC. MCHVA 6/4,2026-08-25,UOM=m but description doesn't match wire keywords
Conductor,ALU ARM PVC BLK WHT GRN PAR,m,2972.5060,472281,SON00299575,WIC. MCPVCA 8/2,2026-08-25,UOM=m but description doesn't match wire keywords
Conductor,ALU ARM PVC BLK WHT GRN PAR,m,3836.5890,472283,SON00299576,WIC. MCPVCA 6/2,2026-08-25,UOM=m but description doesn't match wire keywords
Fasteners,5/16X4-IN HEX LAG BOLT STAI,m,1185.9900,1067957,63972022754,M-TAL BLS16SSB,2026-08-25,UOM=m but description doesn't match wire keywords
Fasteners,6X7/16 TAPPING SCREW,m,71.9900,686605,63972027031,M-TAL PDW1M,2026-08-25,UOM=m but description doesn't match wire keywords
Fasteners,8X1/2 PHIL SELF DLR SCR,m,61.9900,356427,63972027034,M-TAL WDW1M,2026-08-25,UOM=m but description doesn't match wire keywords
Fasteners,8X1/2 DRYWALL TAP SCR,m,61.9900,299185,63972027084,M-TAL WDS1M,2026-08-25,UOM=m but description doesn't match wire keywords
Wire Management,36311 WOVEN POLY MULETAPE,m,129.0880,1804350,85000326457,NEPT WP2500P/30,2026-08-25,UOM=m but description doesn't match wire keywords
Wire Management,10728 WOVEN POLY MULETAPE,m,105.6330,305361,85000326450,NEPT WP1800P/30,2026-08-25,UOM=m but description doesn't match wire keywords
Misc,18/4C N/S 600V TC,m,566.2510,193228,255600S0048,OMNI A11804,2026-08-25,UOM=m but description doesn't match wire keywords
Misc,VNTC 18/2C PVC/NYL INSUL PV,m,344.3420,316166,SON00008588,OMNI A11802R,2026-08-25,UOM=m but description doesn't match wire keywords
Misc,16/2 NONSHIELDED NON-PLENUM,m,277.0040,52134,255600S0015,OMNI H41602,2026-08-25,UOM=m but description doesn't match wire keywords
Misc,18/3 STR TC SHLD PVC,m,1147.5000,54027,SON00295877,OMNI D11803,2026-08-25,UOM=m but description doesn't match wire keywords
Misc,16/2C CL3R/CMR BC SHLD 300V,m,420.8620,1533748,255600S0320,OMNI DS11602,2026-08-25,UOM=m but description doesn't match wire keywords
Misc,14/2 FPLR NONSHIELDED NONPL,m,420.8620,1541470,SON00265064,OMNI H41402,2026-08-25,UOM=m but description doesn't match wire keywords
Misc,14/4C VNTC NS E2 600V TRAY,m,1086.5900,362669,255600S0249,OMNI A11404,2026-08-25,UOM=m but description doesn't match wire keywords
Misc,18/2 STR TWPR SHLD CM GRY,m,405.5580,62137,255600S0089,OMNI D11802,2026-08-25,UOM=m but description doesn't match wire keywords
Misc,20 AWG 7X28 STRANDED TINNED,m,592.6580,63413,255600S0093,OMNI D32002-MR,2026-08-25,UOM=m but description doesn't match wire keywords
Misc,14/2 FPLR BE/WE CONDUCTORS,m,535.6430,372782,255600S0042,OMNI H31402RI,2026-08-25,UOM=m but description doesn't match wire keywords
Misc,12/2C VNTC N/S E2 600V TC F,m,841.7240,1806474,SON00262103,OMNI A11202F,2026-08-25,UOM=m but description doesn't match wire keywords
Data & Comm,23/4PR CAT6 DIRECT BURIAL P,m,399.6060,697754,255600S0275,OMNI J562304-DB,2026-08-25,UOM=m but description doesn't match wire keywords
Data & Comm,23/4PR CAT6 CMR SHLD BLU,m,370.1020,433656,255600S0332,OMNI J662304-05,2026-08-25,UOM=m but description doesn't match wire keywords
Misc,18/2 PURPLE/GRAY CL3P 1000R,m,277.5740,1181976,255600S0311,OMNI G121802-PG,2026-08-25,UOM=m but description doesn't match wire keywords
Misc,16/2C CL3P/CMP BC N/S 300V,m,430.6150,1199902,255600S0306,OMNI G121602-PG,2026-08-25,UOM=m but description doesn't match wire keywords
Misc,18/4 VNTC,m,803.4640,477267,SON00262900,OMNI A21804,2026-08-25,UOM=m but description doesn't match wire keywords
Misc,18/4C CL3R/CMR BC SHLD 300V,m,482.0790,1719460,255600S0003,OMNI DS21804,2026-08-25,UOM=m but description doesn't match wire keywords
Misc,18/2 CLR/CMR BC SHLD 300V P,m,255.0680,1608190,255600S0358,OMNI DS11802,2026-08-25,UOM=m but description doesn't match wire keywords
Misc,16/2C CL3P/CMP BC N/S 300V,m,450.1200,1869433,SON00134918,OMNI G121602-PK,2026-08-25,UOM=m but description doesn't match wire keywords
Misc,1PR 22AWG SHLD PVC TC 300V,m,344.3420,305667,255600S0119,OMNI D12202-100,2026-08-25,UOM=m but description doesn't match wire keywords
Misc,14/4 W/14 GRD MINI-SPLIT UF,m,3037.8600,172187,SON00271359,OMNI 145STRMSR,2026-08-25,UOM=m but description doesn't match wire keywords
Wire Management,18AWG END SLEEVE,m,105.9330,1006114,7498390984,PAND FSD77-8-3K,2026-08-25,UOM=m but description doesn't match wire keywords
Wire Management,8AWG NO-INS FRL BULK,m,267.0270,521061,7498376351,PAND F83-12-D,2026-08-25,UOM=m but description doesn't match wire keywords
Wire Management,2 PP DIN 1W FRL,m,1559.3900,824111,7498376274,PAND FSD86-16-L,2026-08-25,UOM=m but description doesn't match wire keywords
Wire Management,STANDARD CBL TIE,m,125.1910,547337,7498354924,PAND PLT2S-M8,2026-08-25,UOM=m but description doesn't match wire keywords
Wire Management,14AWG END SLEEVE,m,128.0560,1042074,7498390987,PAND FSD80-8-KD,2026-08-25,UOM=m but description doesn't match wire keywords
Wire Management,WHT CMPNT LABEL,m,9.6280,838619,7498302701,PAND C100X038YJ,2026-08-25,UOM=m but description doesn't match wire keywords
Wire Management,SLFLAM WRMRKR LBL,m,28.1930,566766,7498368389,PAND S075X125VA,2026-08-25,UOM=m but description doesn't match wire keywords
Wire Management,WHT CMPNT LABEL,m,341.4400,577344,7498312261,PAND C100X050AM,2026-08-25,UOM=m but description doesn't match wire keywords
Wire Management,NO8 PP DIN 1W FRL,m,748.4630,644150,7498376268,PAND FSD83-18-C,2026-08-25,UOM=m but description doesn't match wire keywords
Wire Management,12AWG NO-INS FRL BULK,m,199.2980,380183,7498376423,PAND F81-10-M,2026-08-25,UOM=m but description doesn't match wire keywords
Wire Management,PLYPRO ISD FERRULE,m,311.7590,416058,7498376258,PAND FSD78-18-D,2026-08-25,UOM=m but description doesn't match wire keywords
Wire Management,PLYPRO ISD FERRULE,m,623.5650,418729,7498376264,PAND FSD81-18-C,2026-08-25,UOM=m but description doesn't match wire keywords
Wire Management,6AWG NO-INS FRL BULK,m,411.9100,425987,7498376357,PAND F84-15-TL,2026-08-25,UOM=m but description doesn't match wire keywords
Wire Management,WHT SLF-LAM LABEL,m,23.4170,435206,7498343922,PAND S050X125VA,2026-08-25,UOM=m but description doesn't match wire keywords
Wire Management,20-18AWG NON-INS FRL BULK,m,121.4970,437022,7498376325,PAND F76-10-M,2026-08-25,UOM=m but description doesn't match wire keywords
Wire Management,#16 N/I FRL,m,134.1290,952120,7498376332,PAND F78-12-M,2026-08-25,UOM=m but description doesn't match wire keywords
Wire Management,PUSH MOUNT TIE BULK,m,232.4640,438854,7498355501,PAND PLP1.5I-M,2026-08-25,UOM=m but description doesn't match wire keywords
Wire Management,#10 N/I FRL,m,191.6060,762285,7498376347,PAND F82-12-M,2026-08-25,UOM=m but description doesn't match wire keywords
Wire Management,16AWG FERRUL,m,243.2680,982031,7498333344,PAND FSD78-8-K,2026-08-25,UOM=m but description doesn't match wire keywords
Wire Management,WHT CMPNT LABEL,m,156.3780,477860,7498353567,PAND C400X200YJ,2026-08-25,UOM=m but description doesn't match wire keywords
Wire Management,LKGTIE 20.9IN HVY BLK WTHRE,m,1256.9550,485662,7498338777,PAND PLT6H-C0,2026-08-25,UOM=m but description doesn't match wire keywords
Wire Management,LKGTIE 5.6IN INT NAT NYLON,m,24.2980,20281,7498354048,PAND PLT1.5I-M,2026-08-25,UOM=m but description doesn't match wire keywords
Wire Management,LKGTIE 3.9IN MIN NAT NYLON,m,44.1570,2126,7498354047,PAND PLT1M-M,2026-08-25,UOM=m but description doesn't match wire keywords
Wire Management,LKGTIE 7.4IN STD BLK WTHRES,m,101.8690,8867,7498354079,PAND PLT2S-M0,2026-08-25,UOM=m but description doesn't match wire keywords
Wire Management,LKGTIE 7.4IN STD NAT NYLON,m,91.0730,25542,7498354078,PAND PLT2S-M,2026-08-25,UOM=m but description doesn't match wire keywords
Wire Management,LKGTIE 11.5IN STD NAT NYLON,m,242.0190,18561,7498354061,PAND PLT3S-M,2026-08-25,UOM=m but description doesn't match wire keywords
Wire Management,LKGTIE 14.5IN STD NAT NYLON,m,270.4910,20270,7498354081,PAND PLT4S-M,2026-08-25,UOM=m but description doesn't match wire keywords
Wire Management,LABEL WH PRINT-ON AREA VINY,m,80.1480,310749,7498343965,PAND S100X225VA,2026-08-25,UOM=m but description doesn't match wire keywords
Wire Management,LABEL WH PRINT-ON AREA VINY,m,121.4070,310750,7498343971,PAND S100X400VA,2026-08-25,UOM=m but description doesn't match wire keywords
Terminals & Lugs,RING TERM BULK-PK,m,334.9380,150309,7498380123,PAND PV14-14R-M,2026-08-25,UOM=m but description doesn't match wire keywords
Wire Management,LKGTIE 14.5IN INT NAT NYLON,m,286.8740,101226,7498354071,PAND PLT4I-M,2026-08-25,UOM=m but description doesn't match wire keywords
Wire Management,TIE MOUNT 1/4 HOLE,m,1141.0780,319648,7498358076,PAND TMEH-S25-C,2026-08-25,UOM=m but description doesn't match wire keywords
Wire Management,LKGTIE 2.8IN SUBMIN BLK WTH,m,53.5590,319722,7498356041,PAND PLT.6SM-M0,2026-08-25,UOM=m but description doesn't match wire keywords
Terminals & Lugs,RING TERM BULK-PK,m,474.6900,151332,7498380033,PAND PN10-10R-D,2026-08-25,UOM=m but description doesn't match wire keywords
Wire Management,CBL TIE MOUNT BULK,m,430.7570,151419,7498358063,PAND ABM1M-A-M,2026-08-25,UOM=m but description doesn't match wire keywords
Wire Management,LKGTIE 11.4IN INT BLK WTHRE,m,87.2330,324182,7498354053,PAND PLT3I-M0,2026-08-25,UOM=m but description doesn't match wire keywords
Wire Management,BULK CBL TIE MNT,m,551.4730,82136,7498358501,PAND ABMM-A-D,2026-08-25,UOM=m but description doesn't match wire keywords
Wire Management,TERM RING VNYL INS ROHS,m,255.4940,326286,7498341161,PAND PV18-10R-M,2026-08-25,UOM=m but description doesn't match wire keywords
Wire Management,TERM RING NON-INSUL,m,1312.0940,331043,7498387062,PAND P4-56R-T,2026-08-25,UOM=m but description doesn't match wire keywords
Wire Management,TERM RING VINYL INS,m,337.0830,331525,7498380131,PAND PV10-8R-D,2026-08-25,UOM=m but description doesn't match wire keywords
Wire Management,RING TERMIN,m,1705.3750,555426,7498387014,PAND PV6-10RX-T,2026-08-25,UOM=m but description doesn't match wire keywords
Wire Management,WHITE PRINT-ON AREA VINYL L,m,48.6880,335971,7498343951,PAND S100X150VA,2026-08-25,UOM=m but description doesn't match wire keywords
Wire Management,WHT SLF-LAM LABEL,m,19.8550,346910,7498343917,PAND S050X075VA,2026-08-25,UOM=m but description doesn't match wire keywords
Wire Management,14 VYL INS FRL BULK,m,303.2710,130474,7498376259,PAND FSD80-8-D,2026-08-25,UOM=m but description doesn't match wire keywords
Wire Management,18 VYL INS FRL BULK,m,212.1750,130483,7498376254,PAND FSD77-12-D,2026-08-25,UOM=m but description doesn't match wire keywords
Protection,DISCONNECT BULK,m,397.6560,235713,7498382769,PAND DNF18-250F,2026-08-25,UOM=m but description doesn't match wire keywords
Terminals & Lugs,RING TERM BULK-PK,m,222.0950,235714,7498380121,PAND PV14-10R-M,2026-08-25,UOM=m but description doesn't match wire keywords
Fasteners,NYLON PUSH-RIVET,m,169.9050,158276,7498325221,PAND NR1-M,2026-08-25,UOM=m but description doesn't match wire keywords
Wire Management,VYL INS 2W FRL BULK,m,424.5900,240200,7498376308,PAND FTD77-8-D,2026-08-25,UOM=m but description doesn't match wire keywords
Wire Management,CBL TIE MOUNT BULK-PK,m,702.6970,240220,7498358004,PAND ABMS-A-D,2026-08-25,UOM=m but description doesn't match wire keywords
Wire Management,LKGTIE 5.6IN MIN NAT NYLON,m,68.4050,87359,7498354011,PAND PLT1.5M-M,2026-08-25,UOM=m but description doesn't match wire keywords
Wire Management,6 VYL INS FRL BULK,m,686.0790,243028,7498376269,PAND FSD84-12-C,2026-08-25,UOM=m but description doesn't match wire keywords
Wire Management,10 VYL INS FRL BULK,m,485.2750,243452,7498376265,PAND FSD82-12-C,2026-08-25,UOM=m but description doesn't match wire keywords
Wire Management,PLYPRO ISD FERRULE,m,333.5570,358817,7498376305,PAND FTD75-8-D,2026-08-25,UOM=m but description doesn't match wire keywords
Wire Management,24 VYL INS FRL BULK,m,252.8400,246872,7498376396,PAND FSD73-8-D,2026-08-25,UOM=m but description doesn't match wire keywords
Wire Management,22-20AWG VYL INS FRL,m,212.1750,246874,7498376245,PAND FSD75-8-D,2026-08-25,UOM=m but description doesn't match wire keywords
Wire Management,20-18AWG VYL INS FRL BULK,m,212.1750,246875,7498376248,PAND FSD76-8-D,2026-08-25,UOM=m but description doesn't match wire keywords
Wire Management,PLYPRO ISD FERRULE,m,686.0790,364743,7498376266,PAND FSD82-18-C,2026-08-25,UOM=m but description doesn't match wire keywords
Wire Management,FERRULE INSUL 1MM2 8MM PIN,m,236.6290,1099099,7498333343,PAND FSD77-8-K,2026-08-25,UOM=m but description doesn't match wire keywords
Wire Management,FERRULE INSUL 14AWG 8MM PIN,m,302.6410,1099103,7498333345,PAND FSD80-8-DK,2026-08-25,UOM=m but description doesn't match wire keywords
Wire Management,DISCONN BULK,m,397.6560,110845,7498382751,PAND DNF14-250F,2026-08-25,UOM=m but description doesn't match wire keywords
Wire Management,STN-STL TIE BULK,m,1497.1120,263725,7498354402,PAND MLT4S-CP,2026-08-25,UOM=m but description doesn't match wire keywords
Wire Management,CBL TIE MOUNT,m,627.5900,91061,7498358030,PAND ABM2S-A-D,2026-08-25,UOM=m but description doesn't match wire keywords
Wire Management,LKGTIE 8IN MIN NAT NYLON BU,m,66.2160,91392,7498354026,PAND PLT2M-M,2026-08-25,UOM=m but description doesn't match wire keywords
Wire Management,12 VYL INS FRL BULK,m,363.8900,138752,7498376262,PAND FSD81-10-D,2026-08-25,UOM=m but description doesn't match wire keywords
Wire Management,LKGTIE 14.5IN LTHVY NAT NYL,m,539.5590,113330,7498354069,PAND PLT4H-TL,2026-08-25,UOM=m but description doesn't match wire keywords
Wire Management,LOCKING TIE,m,638.3820,92237,7498353942,PAND PLT4H-TL0,2026-08-25,UOM=m but description doesn't match wire keywords
Wire Management,"RING,NYLON,22-18AWG,#10",m,442.3240,1143927,7498380621,PAND PN18-10R-3,2026-08-25,UOM=m but description doesn't match wire keywords
Wire Management,LKGTIE 8IN INT NAT NYLON BU,m,34.1990,92810,7498354031,PAND PLT2I-M,2026-08-25,UOM=m but description doesn't match wire keywords
Fittings,STEEL-TY STRAP,m,1250.6370,286209,7498354400,PAND MLT2S-CP,2026-08-25,UOM=m but description doesn't match wire keywords
Wire Management,14 VYL INS FRL BULK,m,363.8900,142694,7498376260,PAND FSD80-12-D,2026-08-25,UOM=m but description doesn't match wire keywords
Wire Management,12 VYL INS FRL BULK,m,363.8900,142699,7498376745,PAND FSD81-12-C,2026-08-25,UOM=m but description doesn't match wire keywords
Wire Management,"TT SELFLAM 1.5""WX2.25""LX.75",m,152.0320,1429374,7498368392,PAND S150X225VA,2026-08-25,UOM=m but description doesn't match wire keywords
Wire Management,10AWG NO-INS FRL BULK,m,186.4080,185327,7498376346,PAND F82-10-M,2026-08-25,UOM=m but description doesn't match wire keywords
Wire Management,LKGTIE 8IN INT BLK WTHRES N,m,122.8720,185645,7498354033,PAND PLT2I-M0,2026-08-25,UOM=m but description doesn't match wire keywords
Wire Management,CBL TIE MOUNT,m,621.2330,96033,7498328112,PAND ABM112-A-D,2026-08-25,UOM=m but description doesn't match wire keywords
Wire Management,"FERRULE,INSUL,16AWG,8MMPIN,",m,113.9020,1449945,7498390986,PAND FSD78-8-2K,2026-08-25,UOM=m but description doesn't match wire keywords
Wire Management,LKGTIE 9.7IN INT NAT NYLON,m,169.8180,96303,7498354152,PAND PLT2.5I-M,2026-08-25,UOM=m but description doesn't match wire keywords
Wire Management,LKGTIE 3.9IN MIN BLK WTHRES,m,69.1170,98806,7498354958,PAND PLT1M-M0,2026-08-25,UOM=m but description doesn't match wire keywords
Wire Management,LKGTIE 14.5IN STD BLK WTHRE,m,109.5640,121547,7498354094,PAND PLT4S-M0,2026-08-25,UOM=m but description doesn't match wire keywords
Wire Management,18AWG NON-INSUL FRL,m,115.6980,305838,7498376328,PAND F7710M,2026-08-25,UOM=m but description doesn't match wire keywords
Wire Management,FERRULE NON-INSUL 16AWG,m,127.7480,305840,7498376331,PAND F7810M,2026-08-25,UOM=m but description doesn't match wire keywords
Wire Management,FERRULE NON-INSUL 14AWG,m,135.3600,305843,7498376337,PAND F8010M,2026-08-25,UOM=m but description doesn't match wire keywords
Wire Management,24-22AWG VYL INS FRL BULK,m,252.8400,305849,7498376398,PAND FSD74-8-D,2026-08-25,UOM=m but description doesn't match wire keywords
Wire Management,INS FRL BULK,m,212.1750,305851,7498376246,PAND FSD75-10-D,2026-08-25,UOM=m but description doesn't match wire keywords
Wire Management,20-18AWG VYL INS FRL,m,212.1750,305853,7498376249,PAND FSD76-10-D,2026-08-25,UOM=m but description doesn't match wire keywords
Wire Management,INS FRL BULK,m,212.1750,305856,7498376253,PAND FSD77-10-D,2026-08-25,UOM=m but description doesn't match wire keywords
Wire Management,18 VYL INS FRL,m,212.1750,305858,7498376252,PAND FSD77-8-D,2026-08-25,UOM=m but description doesn't match wire keywords
Wire Management,16 VYL INS FRL BULK,m,303.2710,305860,7498376256,PAND FSD78-10-D,2026-08-25,UOM=m but description doesn't match wire keywords
Wire Management,16 VYL INS FRL,m,272.8570,305862,7498376255,PAND FSD78-8-D,2026-08-25,UOM=m but description doesn't match wire keywords
Wire Management,VYL INS FRL BULK,m,545.9750,305864,7498376267,PAND FSD83-12-C,2026-08-25,UOM=m but description doesn't match wire keywords
Wire Management,VYL INS 2W FRL BULK,m,455.0050,305873,7498376309,PAND FTD7710D,2026-08-25,UOM=m but description doesn't match wire keywords
Wire Management,POLYPRO INS FERRULE BLACK,m,485.2590,305877,7498376310,PAND FTD788D,2026-08-25,UOM=m but description doesn't match wire keywords
Wire Management,VYL INS FRL BULK,m,667.3730,305879,7498376312,PAND FTD8010TL,2026-08-25,UOM=m but description doesn't match wire keywords
Wire Management,VYL INS FRL BULK,m,819.0250,305882,7498376314,PAND FTD8112C,2026-08-25,UOM=m but description doesn't match wire keywords
Wire Management,VYL INS FRL BULK,m,902.6410,305884,7498376315,PAND FTD8214C,2026-08-25,UOM=m but description doesn't match wire keywords
Wire Management,LKGTIE 8IN MIN BLK WTHRES N,m,95.0550,306136,7498354027,PAND PLT2MM0,2026-08-25,UOM=m but description doesn't match wire keywords
Wire Management,LKGTIE 20.9IN HVY NAT NYLON,m,1007.4410,306143,7498338776,PAND PLT6HC,2026-08-25,UOM=m but description doesn't match wire keywords
Wire Management,12-10 VIN INS RING BULK,m,303.7950,306172,7498380133,PAND PV1010RD,2026-08-25,UOM=m but description doesn't match wire keywords
Terminals & Lugs,RING TERM BULK PK,m,379.4240,306178,7498380135,PAND PV1014RD,2026-08-25,UOM=m but description doesn't match wire keywords
Wire Management,16-14 VIN INS RING BULK,m,248.6410,306187,7498380117,PAND PV146RM,2026-08-25,UOM=m but description doesn't match wire keywords
Wire Management,16-14 VIN INS RING BULK,m,248.6410,306191,7498380119,PAND PV148RM,2026-08-25,UOM=m but description doesn't match wire keywords
Wire Management,VINYL LABEL WH PRINT ON ARE,m,29.6420,306224,7498343912,PAND S050X075VA,2026-08-25,UOM=m but description doesn't match wire keywords
Wire Management,VINYL LABEL WH PRINT ON ARE,m,29.6420,306228,7498343918,PAND S050X125VA,2026-08-25,UOM=m but description doesn't match wire keywords
Wire Management,WH PRINT-ON AREA VINYL LABE,m,35.2180,306231,7498343923,PAND S050X150VA,2026-08-25,UOM=m but description doesn't match wire keywords
Wire Management,Pan-Term FSDX75-8-D Covered,m,96.8790,69027,7498333374,PAND FSDX75-8-D,2026-08-25,UOM=m but description doesn't match wire keywords
Misc,TRIPLE RATED 1000R,m,3720.5540,527695,980120S4003,WIA. TRIUG 4/0-,2026-08-25,UOM=m but description doesn't match wire keywords
Misc,TRIPLE RATED MR RHH RHW-2 U,m,3720.5540,527696,980120S4004,WIA. TRIUG 4/0-,2026-08-25,UOM=m but description doesn't match wire keywords
Misc,RATED MR,m,1890.3280,527702,980120S4010,WIA. TRIUG 2-2-,2026-08-25,UOM=m but description doesn't match wire keywords
Misc,TRIPLE RATED MR,m,2825.6890,527706,980120S4014,WIA. TRIUG 2/0-,2026-08-25,UOM=m but description doesn't match wire keywords
Misc,TRIPLE RATED MR,m,4199.9970,527709,980120S4016,WIA. TRIUG 4/0-,2026-08-25,UOM=m but description doesn't match wire keywords
Misc,WAKEFOREST 1000R,m,4857.1070,133509,98012059745,WIA. QUADUG 4/0,2026-08-25,UOM=m but description doesn't match wire keywords
Misc,DAME MR,m,2941.4520,397551,980120S0043,WIA. QUADUG 1/0,2026-08-25,UOM=m but description doesn't match wire keywords
Misc,RATED 1000R,m,1890.3280,950281,980120S4009,WIA. TRIUG 2-2-,2026-08-25,UOM=m but description doesn't match wire keywords
Misc,1000R,m,3412.2510,85315,98012059645,WIA. TRIUG 4/0-,2026-08-25,UOM=m but description doesn't match wire keywords
Misc,WAKEFOREST MR,m,4875.7640,285277,980120S0067,WIA. QUADUG 4/0,2026-08-25,UOM=m but description doesn't match wire keywords
Misc,1000R,m,3784.5660,300672,98012059650,WIA. TRIUG 4/0-,2026-08-25,UOM=m but description doesn't match wire keywords
Misc,MR,m,3425.3590,300675,980120S0050,WIA. TRIUG 4/0-,2026-08-25,UOM=m but description doesn't match wire keywords
Misc,RATED MR,m,1433.0920,1206489,980120S4006,WIA. TRIUG 4-4-,2026-08-25,UOM=m but description doesn't match wire keywords
Misc,2-2-2-4 ALUM MBL HM,m,2036.0290,66572,980120S0035,WIA. MHF 2-2-2-,2026-08-25,UOM=m but description doesn't match wire keywords
Misc,TRIPLE RATED 500R,m,3720.5540,128885,SON00266617,WIA. TRIUG 4/0-,2026-08-25,UOM=m but description doesn't match wire keywords
Misc,RATED 500R,m,1850.2080,217143,SON00295789,WIA. TRIUG 2-2-,2026-08-25,UOM=m but description doesn't match wire keywords
Conductor,SOU 58340802 (G80-729) EZ-I,m,1921.1640,1090337,032886S0136,WIC. MCPVCA 14/,2026-08-25,UOM=m but description doesn't match wire keywords
Conductor,WHT GRN 350C SIMPULL COILPA,m,1090.2020,954923,3288694137,WIC. 58453303 1,2026-08-25,UOM=m but description doesn't match wire keywords
Misc,SOU 30161403 4/0-2/0 USE2-R,m,4212.6100,40265,3288657906,WIA. MHF 4/0-4/,2026-08-25,UOM=m but description doesn't match wire keywords
Fittings,.400X1.300UF CBL STRAP,m,184.6890,1155716,9847820500,SBMP UF-2050,2026-08-25,UOM=m but description doesn't match wire keywords
Data & Comm,RG6 STAPLES,m,35.4770,298049,9847810200,SBMP CC-1020,2026-08-25,UOM=m but description doesn't match wire keywords
Fittings,2NAIL 1/2W 2-STACK NM STRAP,m,66.2040,298052,9847815882,SBMP RA-1588/2,2026-08-25,UOM=m but description doesn't match wire keywords
Fittings,2NAIL 1/2W 3-STACK NM STRAP,m,80.7430,298055,9847815883,SBMP RA-1588/3,2026-08-25,UOM=m but description doesn't match wire keywords
Fittings,2NAIL 1/2W 4-STACK NM STRAP,m,95.2830,298058,9847815884,SBMP RA-1588/4,2026-08-25,UOM=m but description doesn't match wire keywords
Fittings,1NAIL .242 COAX STRAP,m,38.2060,45808,9847810100,SBMP CC-1010,2026-08-25,UOM=m but description doesn't match wire keywords
Misc,STAPLE INSULATED,m,48.0270,549945,7521809513,VIK C702514 (IN,2026-08-25,UOM=m but description doesn't match wire keywords
Misc,MR,m,40789.8230,1703342,S4097000000,WINWIR 10/42C S,2026-08-25,UOM=m but description doesn't match wire keywords
Misc,MR,m,40789.8230,1703345,S4097000001,WINWIR 10/42C S,2026-08-25,UOM=m but description doesn't match wire keywords
Misc,MR,m,37860.8440,1703346,S4097000002,WINWIR 10/42C S,2026-08-25,UOM=m but description doesn't match wire keywords
Misc,MR,m,37860.8440,1703347,S4097000003,WINWIR 10/42C S,2026-08-25,UOM=m but description doesn't match wire keywords
Misc,MR,m,37860.8440,1703348,S4097000004,WINWIR 10/42C S,2026-08-25,UOM=m but description doesn't match wire keywords
Misc,MR,m,37860.8440,1703349,S4097000005,WINWIR 10/42C S,2026-08-25,UOM=m but description doesn't match wire keywords
Conductor,8 SOLID THWT GREEN,m,1239.8370,301885,980100S1041,WIC. THWT 8 SOL,2026-08-25,UOM=m but description doesn't match wire keywords
