Jobber Client ID,Client Title,Client First Name,Client Last Name,Client Full Name (Display Only),Client Company Name,Client Is a Company? (True/False),Client Email,Client Main Phone,Client Home Phone,Client Work Phone,Client Mobile Phone,Client Fax Phone,Client Other Phone,Client SMS Enabled Phone Number,Jobber Property ID,Property Street 1,Property Street 2,Property City,Property State/Province,Property Zip/Postal Code,Property Country,Billing Street 1,Billing Street 2,Billing City,Billing State/Province,Billing Zip/Postal Code,Billing Country,Client Receives Auto Visit Reminders? (True/False),Client Receives Auto Job Follow-ups? (True/False),Client Receives Auto Quote Follow-ups? (True/False),Client Receives Auto Invoice Follow-ups? (True/False),Client Receives Auto Review Requests? (True/False),Quote Number,Quote Title,Quote Status (Draft/Awaiting Response/Approved),Quote Message,Quote Internal Note,Quote Introduction Title,Quote Introduction Body,Quote Contract Disclaimer,Quote Discount Type (Unit/Percentage),Quote Discount Amount (Unit/Percentage),Quote Deposit Type (Unit/Percentage),Quote Deposit Amount (Unit/Percentage),Quote New Tax Rate Name,Quote New Tax Rate (Percentage),Quote Existing Tax Rate Name,Tax Method (Inclusive/Exclusive),Line Item 1 Category (Service/Product),Line Item 1 Name,Line Item 1 Description,Line Item 1 Quantity,Line Item 1 UNIT Price,Line Item 1 UNIT Cost,Line Item 1 Taxable (True/False),Line Item 2 Category (Service/Product),Line Item 2 Name,Line Item 2 Description,Line Item 2 Quantity,Line Item 2 UNIT Price,Line Item 2 UNIT Cost,Line Item 2 Taxable (True/False),Line Item 3 Category (Service/Product),Line Item 3 Name,Line Item 3 Description,Line Item 3 Quantity,Line Item 3 UNIT Price,Line Item 3 UNIT Cost,Line Item 3 Taxable (True/False),Line Item 4 Category (Service/Product),Line Item 4 Name,Line Item 4 Description,Line Item 4 Quantity,Line Item 4 UNIT Price,Line Item 4 UNIT Cost,Line Item 4 Taxable (True/False),Line Item 5 Category (Service/Product),Line Item 5 Name,Line Item 5 Description,Line Item 5 Quantity,Line Item 5 UNIT Price,Line Item 5 UNIT Cost,Line Item 5 Taxable (True/False),Line Item 6 Category (Service/Product),Line Item 6 Name,Line Item 6 Description,Line Item 6 Quantity,Line Item 6 UNIT Price,Line Item 6 UNIT Cost,Line Item 6 Taxable (True/False),Line Item 7 Category (Service/Product),Line Item 7 Name,Line Item 7 Description,Line Item 7 Quantity,Line Item 7 UNIT Price,Line Item 7 UNIT Cost,Line Item 7 Taxable (True/False),Line Item 8 Category (Service/Product),Line Item 8 Name,Line Item 8 Description,Line Item 8 Quantity,Line Item 8 UNIT Price,Line Item 8 UNIT Cost,Line Item 8 Taxable (True/False),Line Item 9 Category (Service/Product),Line Item 9 Name,Line Item 9 Description,Line Item 9 Quantity,Line Item 9 UNIT Price,Line Item 9 UNIT Cost,Line Item 9 Taxable (True/False),Line Item 10 Category (Service/Product),Line Item 10 Name,Line Item 10 Description,Line Item 10 Quantity,Line Item 10 UNIT Price,Line Item 10 UNIT Cost,Line Item 10 Taxable (True/False)
,Mr,Jason,Example,Jason Example,Example Ltd,TRUE,JasonExample@example.com,800-555-0100,"
",800-555-0165,"
","
","
",800-555-0100,,10520 Ave NW,111,Edmonton,Alberta,T5G 0B6,Canada,11660 Ave NW,104,Edmonton,Alberta,T5K 2T7,Canada,FALSE,FALSE,TRUE,TRUE,TRUE,1,Landscaping 1,Draft,Thank you for your business.,Great customer,We are a landscape company in your area with exceptional service.,We will provide quality services and a quick turn around.,Terms and conditions apply. Quote Valid for 30 days ,Unit,10,Unit,5,,,GST,Exclusive,Service,Hedge Trimming,We will trim your bushes.,1,200,152,TRUE,Service,Lawn Mowing,We cut your grass!!,1,150,123,FALSE,Product,Weed Killer,Get rid of those weeds,2,50,4.99,FALSE,Product,Fertilizer,Give your grass what it needs,3,75,11.49,TRUE,,,,,,,,,,,,,,,,,,,,,,,,,,,,,,,,,,,,,,,,,,
,Mr,Jason,Example,Jason Example,Example Ltd,TRUE,JasonExample@example.com,800-555-0100,"
",800-555-0165,"
","
","
",800-555-0100,,10520 Ave NW,111,Edmonton,Alberta,T5G 0B6,Canada,11660 Ave NW,104,Edmonton,Alberta,T5K 2T7,Canada,FALSE,FALSE,TRUE,TRUE,TRUE,2,Landscaping 2,Awaiting Response,Please review and let me know if you have questions.,Has a dog!,We are a landscape company in your area with exceptional service.,We will provide quality services and a quick turn around.,Terms and conditions apply. Quote Valid for 30 days ,Unit,50,Percentage,20,AB GST,5,,Inclusive,Service,Hedge Trimming,We will trim your bushes.,1,200,152,TRUE,Service,Lawn Mowing,We cut your grass!!,1,150,123,FALSE,Product,Weed Killer,Get rid of those weeds,2,50,4.99,FALSE,Product,Fertilizer,Give your grass what it needs,3,75,11.49,TRUE,,,,,,,,,,,,,,,,,,,,,,,,,,,,,,,,,,,,,,,,,,
,Mr,Jason,Test,Jason Test,,FALSE,Jason@example.com,800-555-0111,"
",800-555-0144,"
","
","
",800-555-0111,,8132 Ave NW,112,Edmonton,Alberta,T5B 4W4,Canada,7419 Ave NW,82,Edmonton,Alberta,T6B 0G3,Canada,FALSE,FALSE,TRUE,TRUE,TRUE,3,Landscaping 3,Draft,Thank you for your business.,Great customer,We are a landscape company in your area with exceptional service.,We will provide quality services and a quick turn around.,Terms and conditions apply. Quote Valid for 30 days ,Unit,10,Unit,15,ON HST,13,,Exclusive,Service,Hedge Trimming,We will trim your bushes.,1,200,152,TRUE,Service,Lawn Mowing,We cut your grass!!,1,150,123,FALSE,Product,Weed Killer,Get rid of those weeds,2,50,4.99,FALSE,Product,Fertilizer,Give your grass what it needs,3,75,11.49,TRUE,,,,,,,,,,,,,,,,,,,,,,,,,,,,,,,,,,,,,,,,,,
,,,,,Test Ltd,TRUE,Example@example.com,800-555-0132,"
",800-555-0127,"
","
","
",800-555-0132,,9857 St NW,50,Edmonton,Alberta,T6A 3X5,Canada,12350 Ave NW,118,Edmonton,Alberta,T5K 2T7,Canada,FALSE,FALSE,TRUE,TRUE,TRUE,4,Landscaping 4,Awaiting Response,Please review and let me know if you have questions.,Has a dog!,We are a landscape company in your area with exceptional service.,We will provide quality services and a quick turn around.,Terms and conditions apply. Quote Valid for 30 days ,Percentage,5,Percentage,5,,,GST,Inclusive,Service,Hedge Trimming,We will trim your bushes.,1,200,152,TRUE,Service,Lawn Mowing,We cut your grass!!,1,150,123,FALSE,Product,Weed Killer,Get rid of those weeds,2,50,4.99,FALSE,Product,Fertilizer,Give your grass what it needs,3,75,11.49,TRUE,,,,,,,,,,,,,,,,,,,,,,,,,,,,,,,,,,,,,,,,,,
,,,,,Test Ltd,TRUE,Example@example.com,800-555-0132,"
",800-555-0127,"
","
","
",800-555-0132,,9857 St NW,50,Edmonton,Alberta,T6A 3X5,Canada,12350 Ave NW,118,Edmonton,Alberta,T5K 2T7,Canada,FALSE,FALSE,TRUE,TRUE,TRUE,5,Landscaping 5,Draft,Thank you for your business.,Great customer,We are a landscape company in your area with exceptional service.,We will provide quality services and a quick turn around.,Terms and conditions apply. Quote Valid for 30 days ,Unit,10,Percentage,50,MB GST & PST,12,,Exclusive,Service,Hedge Trimming,We will trim your bushes.,1,200,152,TRUE,Service,Lawn Mowing,We cut your grass!!,1,150,123,FALSE,Product,Weed Killer,Get rid of those weeds,2,50,4.99,FALSE,Product,Fertilizer,Give your grass what it needs,3,75,11.49,TRUE,,,,,,,,,,,,,,,,,,,,,,,,,,,,,,,,,,,,,,,,,,
,Mr,Jason,Example,Jason Example,Example Ltd,TRUE,JasonExample@example.com,800-555-0100,"
",800-555-0165,"
","
","
",800-555-0100,,10520 Ave NW,111,Edmonton,Alberta,T5G 0B6,Canada,11660 Ave NW,104,Edmonton,Alberta,T5L 5G8,Canada,FALSE,FALSE,TRUE,TRUE,TRUE,6,Landscaping 6,Approved,Please review and let me know if you have questions.,No need to lock gate,We are a landscape company in your area with exceptional service.,We will provide quality services and a quick turn around.,Terms and conditions apply. Quote Valid for 30 days ,Percentage,5,Unit,200,,,PST,Inclusive,Service,Hedge Trimming,We will trim your bushes.,1,200,152,TRUE,Service,Lawn Mowing,We cut your grass!!,1,150,123,FALSE,Product,Weed Killer,Get rid of those weeds,2,50,4.99,FALSE,Product,Fertilizer,Give your grass what it needs,3,75,11.49,TRUE,,,,,,,,,,,,,,,,,,,,,,,,,,,,,,,,,,,,,,,,,,
,Mrs,Jane,Sample,Jane Sample,Sample Ltd,TRUE,Jane@example.com,800-555-0177,800-555-0122,"
",800-555-0138,,,800-555-0177,,8415 St NW,109,Edmonton,Alberta,T6G 1E3,Canada,10305 Ave NW,80,Edmonton,Alberta,T6E 1T8,Canada,TRUE,TRUE,FALSE,FALSE,FALSE,7,Landscaping 7,Approved,Discount valid until end of month.,Dont forget to lock the gate,We are a landscape company in your area with exceptional service.,We will provide quality services and a quick turn around.,Terms and conditions apply. Quote Valid for 30 days ,Percentage,5,Percentage,20,,,GST & PST,Exclusive,Service,Hedge Trimming,We will trim your bushes.,1,200,152,TRUE,Service,Lawn Mowing,We cut your grass!!,1,150,123,FALSE,Product,Weed Killer,Get rid of those weeds,2,50,4.99,FALSE,Product,Fertilizer,Give your grass what it needs,3,75,11.49,TRUE,,,,,,,,,,,,,,,,,,,,,,,,,,,,,,,,,,,,,,,,,,
